id,hop_idx,label,is_cf,is_hedge,p_fail,pred,top_token,latency_ms
c02548ec0bdd11eba7f7acde48001122,1,0,0,0,0.00475,0,yes,1434.3
c02548ec0bdd11eba7f7acde48001122,2,0,0,0,0.00000,0,yes,929.3
5c26f1540bda11eba7f7acde48001122,1,0,0,0,0.99830,1,no,1325.0
5c26f1540bda11eba7f7acde48001122,2,1,0,0,1.00000,1,no,1335.5
1c90a25a0bdb11eba7f7acde48001122,1,0,0,0,0.00000,0,yes,902.9
1c90a25a0bdb11eba7f7acde48001122,2,0,0,0,0.99995,1,no,914.9
5a582cc60bda11eba7f7acde48001122,1,0,0,0,0.00000,0,yes,999.2
5a582cc60bda11eba7f7acde48001122,2,1,0,0,0.00001,0,yes,1009.7
c427812a0bd911eba7f7acde48001122,1,0,0,0,1.00000,1,no,686.1
c427812a0bd911eba7f7acde48001122,2,0,0,0,0.02298,0,yes,682.1
ee11e4ce0bdb11eba7f7acde48001122,1,0,0,0,0.00308,0,yes,2159.1
ee11e4ce0bdb11eba7f7acde48001122,2,0,0,0,0.89901,1,no,2178.8
0cd15fd40bdc11eba7f7acde48001122,1,0,0,0,0.00103,0,yes,849.0
0cd15fd40bdc11eba7f7acde48001122,2,1,0,0,0.00000,0,yes,852.4
09bc358e0bdd11eba7f7acde48001122,1,0,0,0,0.00002,0,yes,957.9
09bc358e0bdd11eba7f7acde48001122,2,0,0,0,0.00067,0,yes,961.2
8ba06d140bdc11eba7f7acde48001122,1,0,0,0,0.01640,0,yes,1073.3
8ba06d140bdc11eba7f7acde48001122,2,0,0,0,0.00001,0,yes,1070.7
2b9c94b20bda11eba7f7acde48001122,1,0,0,0,1.00000,1,no,1123.9
2b9c94b20bda11eba7f7acde48001122,2,1,0,0,1.00000,1,no,1133.5
64ae1cb80bd911eba7f7acde48001122,1,0,0,0,0.00000,0,yes,1100.3
64ae1cb80bd911eba7f7acde48001122,2,1,0,0,0.00001,0,yes,1094.8
635c259a0bdd11eba7f7acde48001122,1,0,0,0,0.83097,1,no,1781.2
635c259a0bdd11eba7f7acde48001122,2,0,0,0,0.99998,1,no,1788.9
2bacf1200bdc11eba7f7acde48001122,1,0,0,0,0.00000,0,yes,991.7
2bacf1200bdc11eba7f7acde48001122,2,0,0,0,1.00000,1,no,987.7
b929f9cc0bdb11eba7f7acde48001122,1,0,0,0,0.00003,0,yes,1684.0
b929f9cc0bdb11eba7f7acde48001122,2,0,0,0,0.02161,0,yes,1702.7
126e049e0bda11eba7f7acde48001122,1,0,0,0,1.00000,1,no,941.7
126e049e0bda11eba7f7acde48001122,2,1,0,0,0.00832,0,yes,937.2
8cb83af80bda11eba7f7acde48001122,1,1,0,0,0.00059,0,yes,1858.1
8cb83af80bda11eba7f7acde48001122,2,0,0,0,0.00000,0,yes,1866.7
041e631a0bdb11eba7f7acde48001122,1,0,0,0,0.00000,0,yes,1180.6
041e631a0bdb11eba7f7acde48001122,2,0,0,0,0.00000,0,yes,1171.1
a5e334880bda11eba7f7acde48001122,1,0,0,0,0.00407,0,yes,984.0
a5e334880bda11eba7f7acde48001122,2,0,0,0,0.01970,0,yes,963.7
9e439e500bdc11eba7f7acde48001122,1,0,0,0,0.00010,0,yes,1628.9
9e439e500bdc11eba7f7acde48001122,2,1,0,0,0.03409,0,yes,1673.3
80d15af20bdb11eba7f7acde48001122,1,0,0,0,0.02033,0,yes,1019.8
80d15af20bdb11eba7f7acde48001122,2,0,0,0,1.00000,1,no,1032.0
d680163c0bdb11eba7f7acde48001122,1,0,0,0,0.01133,0,yes,1015.1
d680163c0bdb11eba7f7acde48001122,2,0,0,0,0.00000,0,yes,996.6
2469d32a0bdb11eba7f7acde48001122,1,0,0,0,0.00002,0,yes,1152.3
2469d32a0bdb11eba7f7acde48001122,2,0,0,0,0.00000,0,yes,1135.0
aa70c1bc0bdc11eba7f7acde48001122,1,1,0,1,0.00000,0,yes,1055.8
0e4100ee0bdd11eba7f7acde48001122,1,0,0,0,0.00000,0,yes,1569.8
0e4100ee0bdd11eba7f7acde48001122,2,0,0,0,0.05340,0,yes,1574.7
3bbd031a0bdd11eba7f7acde48001122,1,0,0,0,0.00100,0,yes,1581.1
3bbd031a0bdd11eba7f7acde48001122,2,1,0,0,0.00013,0,yes,1560.5
2767c0ea0bdc11eba7f7acde48001122,1,0,0,0,0.00000,0,yes,1119.4
2767c0ea0bdc11eba7f7acde48001122,2,1,0,0,1.00000,1,no,1190.7
8faf4d1c0baf11ebab90acde48001122,1,0,0,0,0.00031,0,yes,1671.1
8faf4d1c0baf11ebab90acde48001122,2,0,0,0,0.98144,1,no,1655.8
546e0eba0bdb11eba7f7acde48001122,1,0,0,0,0.03210,0,yes,1051.4
546e0eba0bdb11eba7f7acde48001122,2,1,0,0,0.99760,1,no,1037.8
d57e48bc0bdb11eba7f7acde48001122,1,0,0,0,1.00000,1,no,2760.5
d57e48bc0bdb11eba7f7acde48001122,2,0,0,0,0.99996,1,no,2703.8
595798140bdc11eba7f7acde48001122,1,0,0,0,0.00000,0,yes,1034.0
595798140bdc11eba7f7acde48001122,2,0,0,0,0.00011,0,yes,1019.2
fbbfcbb80bdb11eba7f7acde48001122,1,0,0,0,1.00000,1,no,2725.8
fbbfcbb80bdb11eba7f7acde48001122,2,1,0,0,0.00063,0,yes,2749.0
412a85d00bdc11eba7f7acde48001122,1,0,0,0,0.00407,0,yes,1400.9
412a85d00bdc11eba7f7acde48001122,2,0,0,0,0.99788,1,no,1403.9
f4dcc10e0bd911eba7f7acde48001122,1,0,0,0,0.00000,0,yes,980.2
f4dcc10e0bd911eba7f7acde48001122,2,0,0,0,1.00000,1,no,978.1
a42542220bd911eba7f7acde48001122,1,0,0,0,0.00000,0,yes,1623.7
a42542220bd911eba7f7acde48001122,2,0,0,0,1.00000,1,no,1653.5
c3ea95140bdc11eba7f7acde48001122,1,0,0,0,0.00025,0,yes,1596.1
c3ea95140bdc11eba7f7acde48001122,2,0,0,0,0.00218,0,yes,1582.2
8c0153e20bda11eba7f7acde48001122,1,0,0,0,0.00003,0,yes,1076.5
8c0153e20bda11eba7f7acde48001122,2,1,0,0,0.86695,1,no,1175.8
3e6d85fa0bdb11eba7f7acde48001122,1,1,0,0,1.00000,1,no,3239.1
3e6d85fa0bdb11eba7f7acde48001122,2,1,0,1,1.00000,1,no,3281.5
4c50f2f40bdd11eba7f7acde48001122,1,0,0,0,0.00000,0,yes,1078.3
4c50f2f40bdd11eba7f7acde48001122,2,0,0,0,0.00000,0,yes,1083.7
17c891c40bdb11eba7f7acde48001122,1,0,0,0,0.00000,0,yes,1062.3
17c891c40bdb11eba7f7acde48001122,2,1,0,0,0.99893,1,no,1071.0
92c99caa0bdc11eba7f7acde48001122,1,0,0,0,0.00002,0,yes,1486.5
92c99caa0bdc11eba7f7acde48001122,2,0,0,0,0.22265,0,yes,1511.1
fca077280bd911eba7f7acde48001122,1,0,0,0,0.97155,1,no,728.5
fca077280bd911eba7f7acde48001122,2,0,0,0,0.00005,0,yes,747.5
10760c2a0bdc11eba7f7acde48001122,1,0,0,0,0.01065,0,yes,1488.0
10760c2a0bdc11eba7f7acde48001122,2,1,0,0,1.00000,1,no,1480.9
ca8a6cbe0bdc11eba7f7acde48001122,1,0,0,0,0.00001,0,yes,1910.6
ca8a6cbe0bdc11eba7f7acde48001122,2,0,0,0,0.00001,0,yes,1914.0
120b81900bdd11eba7f7acde48001122,1,1,0,0,0.00001,0,yes,2335.9
120b81900bdd11eba7f7acde48001122,2,0,0,0,0.98455,1,no,2277.3
8ad20bcc0bdc11eba7f7acde48001122,1,1,0,0,1.00000,1,no,1530.9
8ad20bcc0bdc11eba7f7acde48001122,2,1,0,0,0.99850,1,no,1511.6
c98fc6c00bdb11eba7f7acde48001122,1,0,0,0,0.00000,0,yes,2861.7
c98fc6c00bdb11eba7f7acde48001122,2,0,0,0,0.99287,1,no,2823.9
141e6bdc0bdd11eba7f7acde48001122,1,0,0,0,0.00000,0,yes,1142.0
141e6bdc0bdd11eba7f7acde48001122,2,0,0,0,0.00000,0,yes,1127.8
1227d4720baf11ebab90acde48001122,1,0,0,0,0.99998,1,no,2212.6
1227d4720baf11ebab90acde48001122,2,0,0,0,1.00000,1,no,2217.9
bef24fda0bdb11eba7f7acde48001122,1,1,0,0,0.00000,0,yes,1011.4
bef24fda0bdb11eba7f7acde48001122,2,1,0,0,0.00758,0,yes,991.3
33349eba0bdd11eba7f7acde48001122,1,0,0,0,0.00008,0,yes,981.4
33349eba0bdd11eba7f7acde48001122,2,1,0,0,1.00000,1,no,984.5
1b2197380bdd11eba7f7acde48001122,1,0,0,0,0.00420,0,yes,1361.3
1b2197380bdd11eba7f7acde48001122,2,1,0,0,0.45308,0,yes,1379.7
0b1393440bda11eba7f7acde48001122,1,0,0,0,0.00003,0,yes,1019.9
0b1393440bda11eba7f7acde48001122,2,1,0,0,0.00000,0,yes,1022.4
3f36daf80baf11ebab90acde48001122,1,0,0,0,0.99056,1,no,2370.0
3f36daf80baf11ebab90acde48001122,2,1,0,0,0.99997,1,no,2370.7
32c95b3c0bdd11eba7f7acde48001122,1,0,0,0,0.00000,0,yes,991.6
32c95b3c0bdd11eba7f7acde48001122,2,0,0,0,0.99951,1,no,986.3
b488aab60bdc11eba7f7acde48001122,1,0,0,0,0.00000,0,yes,967.9
b488aab60bdc11eba7f7acde48001122,2,0,0,0,1.00000,1,no,969.7
a376c6540bdc11eba7f7acde48001122,1,0,0,0,0.26883,0,yes,1376.7
a376c6540bdc11eba7f7acde48001122,2,1,0,0,0.00573,0,yes,1383.2
c69290d40bda11eba7f7acde48001122,1,0,0,0,0.00000,0,yes,677.2
c69290d40bda11eba7f7acde48001122,2,0,0,0,0.00132,0,yes,680.2
16a8a9300bb011ebab90acde48001122,1,0,0,0,0.00039,0,yes,2687.8
16a8a9300bb011ebab90acde48001122,2,0,0,0,0.01542,0,yes,2718.9
692d1d280bdb11eba7f7acde48001122,1,0,0,0,0.00001,0,yes,1039.3
692d1d280bdb11eba7f7acde48001122,2,0,0,0,1.00000,1,no,1041.3
835860960bda11eba7f7acde48001122,1,0,0,0,0.99999,1,no,980.0
835860960bda11eba7f7acde48001122,2,0,0,0,1.00000,1,no,976.0
8cd35dd80bda11eba7f7acde48001122,1,0,0,0,0.00000,0,yes,2418.8
8cd35dd80bda11eba7f7acde48001122,2,0,0,0,1.00000,1,no,2414.3
004f9bd20bdb11eba7f7acde48001122,1,0,0,0,0.00000,0,yes,1072.9
004f9bd20bdb11eba7f7acde48001122,2,0,0,0,0.00649,0,yes,1074.8
d369be700bdc11eba7f7acde48001122,1,0,0,0,0.00247,0,yes,1104.8
d369be700bdc11eba7f7acde48001122,2,1,0,0,0.02096,0,yes,1127.6
92ff7e860bd911eba7f7acde48001122,1,0,0,0,1.00000,1,no,1746.7
92ff7e860bd911eba7f7acde48001122,2,0,0,0,1.00000,1,no,1748.5
791f79880bdb11eba7f7acde48001122,1,0,0,0,0.00000,0,yes,1157.7
791f79880bdb11eba7f7acde48001122,2,0,0,0,1.00000,1,no,1156.9
8770b2f60bd911eba7f7acde48001122,1,0,0,0,0.00000,0,yes,2397.2
8770b2f60bd911eba7f7acde48001122,2,1,0,0,0.00000,0,yes,2376.6
debfc8840bda11eba7f7acde48001122,1,0,0,0,1.00000,1,no,1167.0
debfc8840bda11eba7f7acde48001122,2,0,0,0,0.19677,0,yes,1160.8
d66fefa00bdb11eba7f7acde48001122,1,0,0,0,0.39963,0,yes,1775.5
d66fefa00bdb11eba7f7acde48001122,2,1,0,0,1.00000,1,no,1752.2
c1a571900bda11eba7f7acde48001122,1,1,0,0,0.99819,1,no,1512.0
c1a571900bda11eba7f7acde48001122,2,0,0,0,0.00002,0,yes,1471.9
08e7ec8e0bdd11eba7f7acde48001122,1,0,0,0,0.00002,0,yes,1122.4
08e7ec8e0bdd11eba7f7acde48001122,2,1,0,0,0.95110,1,no,1105.6
3074357a0bdb11eba7f7acde48001122,1,0,0,0,1.00000,1,no,2745.0
3074357a0bdb11eba7f7acde48001122,2,0,0,0,0.31401,0,yes,2783.5
7abda4020bdd11eba7f7acde48001122,1,0,0,0,0.00001,0,yes,1821.6
7abda4020bdd11eba7f7acde48001122,2,0,0,0,0.99115,1,no,1814.0
5ca965c60bda11eba7f7acde48001122,1,0,0,0,0.00000,0,yes,1106.2
5ca965c60bda11eba7f7acde48001122,2,1,0,0,0.99933,1,no,1116.1
f93da12a0bdc11eba7f7acde48001122,1,0,0,0,0.00000,0,yes,864.6
f93da12a0bdc11eba7f7acde48001122,2,0,0,0,0.99350,1,no,863.8
fa3b7f980bdc11eba7f7acde48001122,1,0,0,0,0.01450,0,yes,1005.4
fa3b7f980bdc11eba7f7acde48001122,2,0,0,0,0.91728,1,no,1000.2
8d5edea40bd911eba7f7acde48001122,1,0,0,0,0.10660,0,yes,959.7
8d5edea40bd911eba7f7acde48001122,2,1,0,0,0.00022,0,yes,935.1
0a4806700bda11eba7f7acde48001122,1,0,0,0,0.00000,0,yes,1024.4
0a4806700bda11eba7f7acde48001122,2,1,0,0,1.00000,1,no,1034.8
5be54e560bdb11eba7f7acde48001122,1,0,0,0,0.00035,0,yes,969.1
5be54e560bdb11eba7f7acde48001122,2,1,0,0,0.09007,0,yes,951.6
754c90d60bd911eba7f7acde48001122,1,0,0,0,0.00000,0,yes,2091.6
754c90d60bd911eba7f7acde48001122,2,0,0,0,0.00001,0,yes,2108.5
19b2785a0bdc11eba7f7acde48001122,1,0,0,0,0.00000,0,yes,2817.3
19b2785a0bdc11eba7f7acde48001122,2,0,0,0,0.99997,1,no,2795.3
11bb70260bdb11eba7f7acde48001122,1,0,0,0,0.00000,0,yes,2400.4
11bb70260bdb11eba7f7acde48001122,2,0,0,0,0.00000,0,yes,2393.6
ef7fe55e0bdb11eba7f7acde48001122,1,0,0,0,0.00004,0,yes,1991.0
ef7fe55e0bdb11eba7f7acde48001122,2,1,0,0,0.00000,0,yes,2133.1
f17b3cd60bdc11eba7f7acde48001122,1,0,0,1,0.00006,0,yes,2178.4
f17b3cd60bdc11eba7f7acde48001122,2,1,0,0,0.93044,1,no,2219.2
8bdf01d40bda11eba7f7acde48001122,1,0,0,0,0.00000,0,yes,892.2
8bdf01d40bda11eba7f7acde48001122,2,0,0,0,0.00000,0,yes,908.5
770e091e0bdd11eba7f7acde48001122,1,0,0,0,0.00091,0,yes,1464.8
770e091e0bdd11eba7f7acde48001122,2,0,0,0,0.00000,0,yes,1487.0
bd46d6c80bdc11eba7f7acde48001122,1,0,0,0,1.00000,1,no,1058.9
bd46d6c80bdc11eba7f7acde48001122,2,0,0,0,1.00000,1,no,1062.5
c25550aa0bdb11eba7f7acde48001122,1,0,0,0,0.11434,0,yes,988.1
c25550aa0bdb11eba7f7acde48001122,2,0,0,0,0.99999,1,no,986.0
3816775c0bdb11eba7f7acde48001122,1,0,0,0,0.00013,0,yes,1755.1
3816775c0bdb11eba7f7acde48001122,2,0,0,0,0.00000,0,yes,1751.9
0b673e920bdd11eba7f7acde48001122,1,0,0,0,0.99824,1,no,1009.8
0b673e920bdd11eba7f7acde48001122,2,0,0,0,0.98677,1,no,1025.1
26a2730c0bdd11eba7f7acde48001122,1,0,0,0,0.00000,0,yes,793.5
26a2730c0bdd11eba7f7acde48001122,2,0,0,0,0.00128,0,yes,779.9
661604dc0bdc11eba7f7acde48001122,1,0,0,0,0.00037,0,yes,1140.7
661604dc0bdc11eba7f7acde48001122,2,0,0,0,0.99989,1,no,1151.7
22b156340bdb11eba7f7acde48001122,1,1,0,0,0.00013,0,yes,1069.9
22b156340bdb11eba7f7acde48001122,2,0,0,0,0.00000,0,yes,1072.9
08d89d8a0bdb11eba7f7acde48001122,1,0,0,0,0.00024,0,yes,1620.1
08d89d8a0bdb11eba7f7acde48001122,2,1,0,0,0.99897,1,no,1614.3
635e5c3a0bdc11eba7f7acde48001122,1,0,0,0,0.00000,0,yes,986.6
635e5c3a0bdc11eba7f7acde48001122,2,0,0,0,1.00000,1,no,982.2
2442b58e0bda11eba7f7acde48001122,1,0,0,0,0.00030,0,yes,922.5
2442b58e0bda11eba7f7acde48001122,2,0,0,0,0.00086,0,yes,902.8
7ddf903e0bdb11eba7f7acde48001122,1,0,0,0,0.56205,1,no,984.7
7ddf903e0bdb11eba7f7acde48001122,2,0,0,0,0.99987,1,no,973.0
397944c00bdc11eba7f7acde48001122,1,0,0,0,0.00004,0,yes,995.9
397944c00bdc11eba7f7acde48001122,2,0,0,0,0.00012,0,yes,985.7
91091ede0bd911eba7f7acde48001122,1,1,0,0,1.00000,1,no,973.2
91091ede0bd911eba7f7acde48001122,2,1,0,0,1.00000,1,no,978.7
3ecb10a60bdd11eba7f7acde48001122,1,0,0,0,0.99953,1,no,878.4
3ecb10a60bdd11eba7f7acde48001122,2,0,0,0,0.99859,1,no,882.2
666612420bdc11eba7f7acde48001122,1,0,0,0,1.00000,1,no,1455.8
666612420bdc11eba7f7acde48001122,2,0,0,0,1.00000,1,no,1451.3
4380b56c0bdb11eba7f7acde48001122,1,0,0,0,0.00000,0,yes,1129.2
4380b56c0bdb11eba7f7acde48001122,2,1,0,0,1.00000,1,no,1118.8
6949ec4e0bdd11eba7f7acde48001122,1,0,0,0,0.55439,1,no,1470.9
6949ec4e0bdd11eba7f7acde48001122,2,0,0,0,0.99998,1,no,1464.6
6650e3680baf11ebab90acde48001122,1,0,0,0,0.00000,0,yes,1739.1
6650e3680baf11ebab90acde48001122,2,0,0,1,0.99999,1,no,1766.9
1031d6140bdb11eba7f7acde48001122,1,0,0,0,0.09804,0,yes,2171.7
1031d6140bdb11eba7f7acde48001122,2,1,0,0,0.00046,0,yes,2181.6
a751feee0bda11eba7f7acde48001122,1,0,0,0,0.00338,0,yes,1462.7
a751feee0bda11eba7f7acde48001122,2,1,0,0,0.03114,0,yes,1466.0
3eb1ffd60bdc11eba7f7acde48001122,1,0,0,0,0.28133,0,yes,1108.2
3eb1ffd60bdc11eba7f7acde48001122,2,0,0,0,1.00000,1,no,1372.1
a7d416a80bdb11eba7f7acde48001122,1,0,0,0,0.00000,0,yes,1086.3
a7d416a80bdb11eba7f7acde48001122,2,0,0,0,0.88044,1,no,1082.5
e0eba65e0bdb11eba7f7acde48001122,1,0,0,0,0.18702,0,yes,1101.4
e0eba65e0bdb11eba7f7acde48001122,2,1,0,0,1.00000,1,no,1100.3
f810fd920bdc11eba7f7acde48001122,1,0,0,0,0.00000,0,yes,1455.7
f810fd920bdc11eba7f7acde48001122,2,0,0,0,1.00000,1,no,1462.5
a6b72ea40bdb11eba7f7acde48001122,1,0,0,0,0.05340,0,yes,685.2
a6b72ea40bdb11eba7f7acde48001122,2,0,0,0,0.00758,0,yes,683.0
a9e2fb520bdc11eba7f7acde48001122,1,0,0,0,0.00042,0,yes,1054.6
a9e2fb520bdc11eba7f7acde48001122,2,1,0,0,0.99997,1,no,1034.2
74692ec80bdd11eba7f7acde48001122,1,0,0,0,0.00000,0,yes,1374.7
74692ec80bdd11eba7f7acde48001122,2,0,0,0,0.00000,0,yes,1366.1
fe83dbc00bd911eba7f7acde48001122,1,0,0,0,0.00097,0,yes,1446.5
fe83dbc00bd911eba7f7acde48001122,2,0,0,0,0.38480,0,yes,1447.7
d41625040bda11eba7f7acde48001122,1,1,0,0,0.99998,1,no,921.3
d41625040bda11eba7f7acde48001122,2,0,0,0,0.00289,0,yes,906.9
51ca3e080bdc11eba7f7acde48001122,1,0,0,0,0.00000,0,yes,1796.5
51ca3e080bdc11eba7f7acde48001122,2,1,0,0,0.28775,0,yes,1813.7
b02219720bdb11eba7f7acde48001122,1,0,0,0,0.00000,0,yes,1452.7
b02219720bdb11eba7f7acde48001122,2,0,0,0,0.00000,0,yes,1425.3
ebeeb41a0bdb11eba7f7acde48001122,1,0,0,0,0.21726,0,yes,1046.6
ebeeb41a0bdb11eba7f7acde48001122,2,1,0,0,1.00000,1,no,1018.3
f00d03840bdc11eba7f7acde48001122,1,0,0,0,0.00165,0,yes,1409.8
f00d03840bdc11eba7f7acde48001122,2,0,0,0,0.00000,0,yes,1427.0
13ad86040bda11eba7f7acde48001122,1,0,0,0,0.00317,0,yes,1485.1
13ad86040bda11eba7f7acde48001122,2,0,0,0,1.00000,1,no,1482.0
3217a1b20bdd11eba7f7acde48001122,1,0,0,0,0.00000,0,yes,706.7
3217a1b20bdd11eba7f7acde48001122,2,0,0,0,1.00000,1,no,703.9
ff4aa2780bd911eba7f7acde48001122,1,0,0,0,0.00083,0,yes,1779.2
ff4aa2780bd911eba7f7acde48001122,2,1,0,0,1.00000,1,no,1775.6
56e033760bdb11eba7f7acde48001122,1,0,0,0,0.00000,0,yes,1648.4
56e033760bdb11eba7f7acde48001122,2,1,0,0,0.00000,0,yes,1641.9
10cd73ca0bdc11eba7f7acde48001122,1,0,0,0,0.00591,0,yes,896.5
10cd73ca0bdc11eba7f7acde48001122,2,0,0,0,0.73096,1,no,895.3
66f5d0300baf11ebab90acde48001122,1,0,0,0,0.98631,1,no,1053.3
66f5d0300baf11ebab90acde48001122,2,1,0,0,1.00000,1,no,1045.9
8be355c00bdc11eba7f7acde48001122,1,0,0,0,0.00028,0,yes,2221.0
8be355c00bdc11eba7f7acde48001122,2,1,0,0,0.46083,0,yes,2214.9
43428bd80bdc11eba7f7acde48001122,1,0,0,0,0.00000,0,yes,1872.4
43428bd80bdc11eba7f7acde48001122,2,0,0,0,0.00000,0,yes,1892.0
f44249960bdc11eba7f7acde48001122,1,0,0,0,0.97966,1,no,1081.6
f44249960bdc11eba7f7acde48001122,2,1,0,0,1.00000,1,no,1079.0
5d9a5a520bdb11eba7f7acde48001122,1,0,0,0,0.00000,0,yes,1179.6
5d9a5a520bdb11eba7f7acde48001122,2,0,0,0,1.00000,1,no,1186.0
8042f4920bdb11eba7f7acde48001122,1,0,0,0,0.76600,1,no,909.6
8042f4920bdb11eba7f7acde48001122,2,0,0,0,0.99370,1,no,898.3
8b3fb9b20bda11eba7f7acde48001122,1,0,0,0,0.00000,0,yes,1059.8
8b3fb9b20bda11eba7f7acde48001122,2,1,0,0,0.99999,1,no,1059.7
46595a760bdd11eba7f7acde48001122,1,0,0,0,0.00001,0,yes,1012.4
46595a760bdd11eba7f7acde48001122,2,1,0,0,1.00000,1,no,1002.9
ab6e92a20bdb11eba7f7acde48001122,1,0,0,0,0.00080,0,yes,1619.9
ab6e92a20bdb11eba7f7acde48001122,2,0,0,0,0.00000,0,yes,1626.7
fb1ee4dc0bdb11eba7f7acde48001122,1,0,0,0,0.01495,0,yes,969.3
fb1ee4dc0bdb11eba7f7acde48001122,2,0,0,0,0.99795,1,no,966.7
64be984a0bd911eba7f7acde48001122,1,0,0,0,0.00005,0,yes,906.7
64be984a0bd911eba7f7acde48001122,2,1,0,0,0.00000,0,yes,905.1
122a42200baf11ebab90acde48001122,1,0,0,0,0.98201,1,no,1578.2
122a42200baf11ebab90acde48001122,2,0,0,0,1.00000,1,no,1600.0
59e99acc0bda11eba7f7acde48001122,1,0,0,0,0.00002,0,yes,1038.1
59e99acc0bda11eba7f7acde48001122,2,1,0,0,1.00000,1,no,1028.2
322e50ba0bdd11eba7f7acde48001122,1,0,0,0,0.00001,0,yes,1469.7
322e50ba0bdd11eba7f7acde48001122,2,1,0,0,0.04335,0,yes,1467.5
5f7277320bdc11eba7f7acde48001122,1,0,0,0,0.00000,0,yes,2153.7
5f7277320bdc11eba7f7acde48001122,2,0,0,0,0.00000,0,yes,2179.0
a593dfda0baf11ebab90acde48001122,1,0,0,0,0.00012,0,yes,1556.5
a593dfda0baf11ebab90acde48001122,2,0,0,0,1.00000,1,no,1558.5
030bc3040bdc11eba7f7acde48001122,1,0,0,0,0.00001,0,yes,1550.1
030bc3040bdc11eba7f7acde48001122,2,0,0,0,0.00044,0,yes,1580.2
837b076e0bd911eba7f7acde48001122,1,1,0,0,0.24504,0,yes,2265.3
837b076e0bd911eba7f7acde48001122,2,0,0,0,0.99781,1,no,2270.7
7de71dda0bdc11eba7f7acde48001122,1,0,0,0,0.00001,0,yes,2479.4
7de71dda0bdc11eba7f7acde48001122,2,0,0,0,0.00004,0,yes,2493.6
fdbe749a0bdc11eba7f7acde48001122,1,0,0,0,1.00000,1,no,1405.2
fdbe749a0bdc11eba7f7acde48001122,2,0,0,0,1.00000,1,no,1404.3
dda092420baf11ebab90acde48001122,1,0,0,0,0.00018,0,yes,1780.7
dda092420baf11ebab90acde48001122,2,0,0,0,0.99995,1,no,1765.2
b46f8c580bdb11eba7f7acde48001122,1,0,0,0,0.99985,1,no,697.0
b46f8c580bdb11eba7f7acde48001122,2,1,0,0,1.00000,1,no,701.1
3240e4000bdd11eba7f7acde48001122,1,0,0,0,0.00030,0,yes,909.2
3240e4000bdd11eba7f7acde48001122,2,0,0,0,0.99999,1,no,908.2
979560c60bdb11eba7f7acde48001122,1,0,0,0,0.00009,0,yes,1072.5
979560c60bdb11eba7f7acde48001122,2,1,0,0,1.00000,1,no,1084.6
644596fc0bd911eba7f7acde48001122,1,0,0,0,0.00000,0,yes,999.0
644596fc0bd911eba7f7acde48001122,2,1,0,0,0.97903,1,no,1001.5
513b63ee0bdd11eba7f7acde48001122,1,0,0,0,0.00001,0,yes,1069.5
513b63ee0bdd11eba7f7acde48001122,2,1,0,0,1.00000,1,no,1067.8
28d67e180bdb11eba7f7acde48001122,1,0,0,0,0.01854,0,yes,660.9
28d67e180bdb11eba7f7acde48001122,2,1,0,0,0.26281,0,yes,654.1
9284477c0bdc11eba7f7acde48001122,1,1,0,0,1.00000,1,no,1012.0
9284477c0bdc11eba7f7acde48001122,2,0,0,0,0.32760,0,yes,1024.7
044d5e060bde11eba7f7acde48001122,1,0,0,0,0.00002,0,yes,781.0
044d5e060bde11eba7f7acde48001122,2,0,0,0,0.05032,0,yes,761.9
0e8730740bdc11eba7f7acde48001122,1,0,0,0,0.99984,1,no,2198.6
0e8730740bdc11eba7f7acde48001122,2,1,0,0,0.39193,0,yes,2219.1
463be2540bdb11eba7f7acde48001122,1,0,0,0,0.37013,0,yes,1058.4
463be2540bdb11eba7f7acde48001122,2,0,0,0,0.00107,0,yes,1056.9
662d55aa0bdd11eba7f7acde48001122,1,0,0,0,0.09532,0,yes,1044.4
662d55aa0bdd11eba7f7acde48001122,2,0,0,0,0.00003,0,yes,1042.2
c94d39b00bd911eba7f7acde48001122,1,0,0,0,0.37745,0,yes,1428.3
c94d39b00bd911eba7f7acde48001122,2,0,0,0,0.00022,0,yes,1408.0
5dd8a6120bdc11eba7f7acde48001122,1,0,0,0,0.00000,0,yes,1036.3
5dd8a6120bdc11eba7f7acde48001122,2,0,0,0,0.01001,0,yes,1054.1
28d87f740bdb11eba7f7acde48001122,1,0,0,0,0.99998,1,no,1602.6
28d87f740bdb11eba7f7acde48001122,2,1,0,0,0.00181,0,yes,1574.0
cb3427180bdc11eba7f7acde48001122,1,0,0,0,1.00000,1,no,1042.7
cb3427180bdc11eba7f7acde48001122,2,0,0,0,0.71851,1,no,1048.6
5a7f94500bda11eba7f7acde48001122,1,0,0,0,0.00000,0,yes,1009.2
5a7f94500bda11eba7f7acde48001122,2,0,0,0,0.00001,0,yes,989.6
0f26c1f60bdd11eba7f7acde48001122,1,0,0,0,0.00000,0,yes,1702.5
0f26c1f60bdd11eba7f7acde48001122,2,1,0,0,1.00000,1,no,1700.4
2ba2719e0bde11eba7f7acde48001122,1,1,0,0,0.00007,0,yes,1468.6
2ba2719e0bde11eba7f7acde48001122,2,1,0,0,0.00000,0,yes,1551.8
40d354340bde11eba7f7acde48001122,1,0,0,0,0.00004,0,yes,3055.1
40d354340bde11eba7f7acde48001122,2,0,0,0,0.10968,0,yes,3064.3
d8aa07c40bdb11eba7f7acde48001122,1,0,0,0,0.99824,1,no,1447.2
d8aa07c40bdb11eba7f7acde48001122,2,0,0,0,0.83940,1,no,1451.7
758863e20bdc11eba7f7acde48001122,1,0,0,0,0.00059,0,yes,866.6
758863e20bdc11eba7f7acde48001122,2,0,0,0,0.00000,0,yes,874.0
54c693aa0bdb11eba7f7acde48001122,1,0,0,0,0.98358,1,no,988.8
54c693aa0bdb11eba7f7acde48001122,2,0,0,0,0.99996,1,no,989.0
0f56a1600bdc11eba7f7acde48001122,1,0,0,0,1.00000,1,no,959.2
0f56a1600bdc11eba7f7acde48001122,2,0,0,0,1.00000,1,no,959.5
c68bd8520bda11eba7f7acde48001122,1,0,0,0,0.00000,0,yes,1366.9
c68bd8520bda11eba7f7acde48001122,2,0,0,0,0.21725,0,yes,1372.8
47e6ffcc0bda11eba7f7acde48001122,1,0,0,0,0.00255,0,yes,1466.0
47e6ffcc0bda11eba7f7acde48001122,2,1,0,0,1.00000,1,no,1438.8
bce1158c0bdb11eba7f7acde48001122,1,0,0,0,0.00044,0,yes,1385.8
bce1158c0bdb11eba7f7acde48001122,2,1,0,0,1.00000,1,no,1384.4
019d64280bdc11eba7f7acde48001122,1,0,0,0,0.00187,0,yes,2219.1
019d64280bdc11eba7f7acde48001122,2,0,0,0,0.00022,0,yes,2241.0
a2b154ee0bd911eba7f7acde48001122,1,0,0,0,0.00001,0,yes,1464.3
a2b154ee0bd911eba7f7acde48001122,2,1,0,0,0.10663,0,yes,1464.0
ffb584b60bda11eba7f7acde48001122,1,0,0,0,0.00000,0,yes,1417.0
ffb584b60bda11eba7f7acde48001122,2,1,0,0,0.00004,0,yes,1395.7
85e792180bdb11eba7f7acde48001122,1,0,0,0,0.98715,1,no,1132.7
85e792180bdb11eba7f7acde48001122,2,0,0,0,0.99976,1,no,1131.7
654a23d80bd911eba7f7acde48001122,1,0,0,0,0.01496,0,yes,1028.5
654a23d80bd911eba7f7acde48001122,2,1,0,0,0.99999,1,no,1036.2
5ab8ead20bdc11eba7f7acde48001122,1,0,0,0,0.00000,0,yes,3644.4
5ab8ead20bdc11eba7f7acde48001122,2,0,0,0,0.00000,0,yes,3682.7
0079aa560bdd11eba7f7acde48001122,1,0,0,0,0.00000,0,yes,1449.7
0079aa560bdd11eba7f7acde48001122,2,0,0,0,0.00000,0,yes,1448.5
f14d99da0bdb11eba7f7acde48001122,1,0,0,0,0.02033,0,yes,1750.1
f14d99da0bdb11eba7f7acde48001122,2,0,0,0,0.99999,1,no,1728.3
22f7f4540bdb11eba7f7acde48001122,1,0,0,0,0.45300,0,yes,1053.6
22f7f4540bdb11eba7f7acde48001122,2,1,0,0,1.00000,1,no,1045.9
95bba9280bda11eba7f7acde48001122,1,0,0,0,0.00030,0,yes,1052.7
95bba9280bda11eba7f7acde48001122,2,1,0,0,0.07583,0,yes,1049.2
0ed9f3dc0bdb11eba7f7acde48001122,1,0,0,0,0.00000,0,yes,1601.9
0ed9f3dc0bdb11eba7f7acde48001122,2,1,0,0,0.00073,0,yes,1608.4
adf40aa20bdb11eba7f7acde48001122,1,0,0,0,0.00012,0,yes,1089.9
adf40aa20bdb11eba7f7acde48001122,2,1,0,0,0.51556,1,no,1077.4
0e6c7be80bb011ebab90acde48001122,1,0,0,0,0.21201,0,yes,1796.8
0e6c7be80bb011ebab90acde48001122,2,0,0,0,0.03409,0,yes,1788.6
1a2f71880bdd11eba7f7acde48001122,1,0,0,0,0.99948,1,no,969.8
1a2f71880bdd11eba7f7acde48001122,2,1,0,0,1.00000,1,no,972.5
6a1e06fa0bdd11eba7f7acde48001122,1,0,0,0,0.00002,0,yes,1026.4
6a1e06fa0bdd11eba7f7acde48001122,2,0,0,0,0.00000,0,yes,1020.2
f3533b080bdc11eba7f7acde48001122,1,0,0,0,0.23368,0,yes,1112.9
f3533b080bdc11eba7f7acde48001122,2,1,0,0,1.00000,1,no,1117.5
cf95288c0bd911eba7f7acde48001122,1,0,0,0,0.00000,0,yes,995.4
cf95288c0bd911eba7f7acde48001122,2,1,0,0,0.85577,1,no,988.2
c63d38b00bd911eba7f7acde48001122,1,1,0,0,0.98829,1,no,758.4
c63d38b00bd911eba7f7acde48001122,2,0,0,0,0.80803,1,no,755.7
37c086d40bdc11eba7f7acde48001122,1,0,0,0,0.00017,0,yes,854.9
37c086d40bdc11eba7f7acde48001122,2,1,0,0,0.97902,1,no,852.2
a4ac9bdc0bd911eba7f7acde48001122,1,0,0,0,0.99971,1,no,1063.6
a4ac9bdc0bd911eba7f7acde48001122,2,0,0,0,0.25088,0,yes,1067.1
04fd7cca0bdc11eba7f7acde48001122,1,0,0,0,0.97479,1,no,948.4
04fd7cca0bdc11eba7f7acde48001122,2,1,0,0,1.00000,1,no,890.9
f011cedc0bdc11eba7f7acde48001122,1,0,0,0,0.00000,0,yes,1012.1
f011cedc0bdc11eba7f7acde48001122,2,0,0,0,0.00002,0,yes,1028.0
8ab46d6c0bda11eba7f7acde48001122,1,0,0,0,0.00000,0,yes,1013.7
8ab46d6c0bda11eba7f7acde48001122,2,1,0,0,1.00000,1,no,1014.0
ea86843a0baf11ebab90acde48001122,1,0,0,0,0.00001,0,yes,1399.1
ea86843a0baf11ebab90acde48001122,2,0,0,0,0.00371,0,yes,1380.2
20fd3dd40bdc11eba7f7acde48001122,1,0,0,0,0.00000,0,yes,1623.6
20fd3dd40bdc11eba7f7acde48001122,2,0,0,0,0.00912,0,yes,1605.1
4f0bbe740bde11eba7f7acde48001122,1,0,0,0,0.00000,0,yes,1725.0
4f0bbe740bde11eba7f7acde48001122,2,1,0,0,0.13652,0,yes,1750.3
939ea5e80bdd11eba7f7acde48001122,1,0,0,0,0.00055,0,yes,3185.3
939ea5e80bdd11eba7f7acde48001122,2,1,0,0,0.92629,1,no,3223.2
41ff36720bdc11eba7f7acde48001122,1,0,0,0,0.18707,0,yes,2007.1
41ff36720bdc11eba7f7acde48001122,2,0,0,0,0.46094,0,yes,2018.2
a3ae4b1c0bda11eba7f7acde48001122,1,0,0,0,0.00004,0,yes,1400.4
a3ae4b1c0bda11eba7f7acde48001122,2,0,0,0,1.00000,1,no,1380.6
da824c6e0bdb11eba7f7acde48001122,1,0,0,0,0.99408,1,no,2329.2
da824c6e0bdb11eba7f7acde48001122,2,1,0,0,0.99509,1,no,2325.6
9e7da0d00bd911eba7f7acde48001122,1,0,0,0,0.00000,0,yes,2318.4
9e7da0d00bd911eba7f7acde48001122,2,1,0,0,1.00000,1,no,2320.4
bf6988040bd911eba7f7acde48001122,1,0,0,0,0.00000,0,yes,1003.4
bf6988040bd911eba7f7acde48001122,2,0,0,0,0.99941,1,no,996.0
770bd1d00bdd11eba7f7acde48001122,1,0,0,0,0.00000,0,yes,710.8
770bd1d00bdd11eba7f7acde48001122,2,0,0,0,0.00000,0,yes,705.7
0f88cc680bdb11eba7f7acde48001122,1,0,0,0,0.00000,0,yes,2416.5
0f88cc680bdb11eba7f7acde48001122,2,0,0,0,0.99897,1,no,2414.2
42cf30880bdd11eba7f7acde48001122,1,0,0,0,0.00000,0,yes,1878.1
42cf30880bdd11eba7f7acde48001122,2,1,0,0,0.92610,1,no,1807.2
d1b960460bda11eba7f7acde48001122,1,0,0,0,0.00001,0,yes,1085.0
d1b960460bda11eba7f7acde48001122,2,0,0,0,1.00000,1,no,1063.5
1d089f620bdb11eba7f7acde48001122,1,0,0,0,0.00000,0,yes,1108.1
1d089f620bdb11eba7f7acde48001122,2,1,0,0,1.00000,1,no,1100.3
4a6c3dcc0bdd11eba7f7acde48001122,1,0,0,0,0.00001,0,yes,1417.9
4a6c3dcc0bdd11eba7f7acde48001122,2,0,0,0,0.01854,0,yes,1418.2
fad606260bdc11eba7f7acde48001122,1,0,0,0,0.00000,0,yes,1466.1
fad606260bdc11eba7f7acde48001122,2,0,0,0,0.00011,0,yes,1462.2
40d71e400bdc11eba7f7acde48001122,1,0,0,0,0.00001,0,yes,984.8
40d71e400bdc11eba7f7acde48001122,2,0,0,0,0.99493,1,no,980.2
56f610960bdc11eba7f7acde48001122,1,0,0,0,0.00447,0,yes,961.5
56f610960bdc11eba7f7acde48001122,2,1,0,0,1.00000,1,no,975.4
a2df9bee0bdc11eba7f7acde48001122,1,0,0,0,1.00000,1,no,1110.9
a2df9bee0bdc11eba7f7acde48001122,2,1,0,0,0.99328,1,no,1105.6
2105b2020bdc11eba7f7acde48001122,1,0,0,0,0.00005,0,yes,1384.2
2105b2020bdc11eba7f7acde48001122,2,1,0,0,0.01322,0,yes,1374.6
34f4e45e0bdc11eba7f7acde48001122,1,0,0,0,0.04601,0,yes,1378.4
156558b40bda11eba7f7acde48001122,1,0,0,0,0.23923,0,yes,1002.2
156558b40bda11eba7f7acde48001122,2,1,0,0,1.00000,1,no,999.5
c4a88a700bdb11eba7f7acde48001122,1,0,0,0,0.00000,0,yes,1165.5
c4a88a700bdb11eba7f7acde48001122,2,1,0,0,0.00538,0,yes,1145.8
340f8d1a0bdb11eba7f7acde48001122,1,0,0,0,0.00003,0,yes,989.8
340f8d1a0bdb11eba7f7acde48001122,2,0,0,0,0.00001,0,yes,986.7
d9e544c40bda11eba7f7acde48001122,1,0,0,0,0.00433,0,yes,1397.2
d9e544c40bda11eba7f7acde48001122,2,0,0,0,0.99976,1,no,1388.6
11efd8820bdd11eba7f7acde48001122,1,0,0,0,0.00001,0,yes,972.5
11efd8820bdd11eba7f7acde48001122,2,0,0,0,0.11277,0,yes,961.2
339fcbca0bda11eba7f7acde48001122,1,0,0,0,0.00001,0,yes,959.8
339fcbca0bda11eba7f7acde48001122,2,1,0,0,0.99999,1,no,966.2
c44a41140bda11eba7f7acde48001122,1,0,0,0,0.00000,0,yes,1058.5
c44a41140bda11eba7f7acde48001122,2,0,0,0,1.00000,1,no,1063.1
92ecb9d60bd911eba7f7acde48001122,1,0,0,0,0.99217,1,no,869.0
92ecb9d60bd911eba7f7acde48001122,2,1,0,0,0.97399,1,no,872.2
2cb87ef40bdc11eba7f7acde48001122,1,0,0,0,0.17326,0,yes,643.8
2cb87ef40bdc11eba7f7acde48001122,2,0,0,0,0.72449,1,no,635.9
b11ea54e0bda11eba7f7acde48001122,1,1,0,0,0.99986,1,no,1023.0
b11ea54e0bda11eba7f7acde48001122,2,0,0,0,0.00000,0,yes,1020.9
c787e4620bda11eba7f7acde48001122,1,0,0,0,0.00000,0,yes,716.5
c787e4620bda11eba7f7acde48001122,2,0,0,0,0.00018,0,yes,713.9
6dec524c0bdc11eba7f7acde48001122,1,0,0,0,0.00000,0,yes,991.6
6dec524c0bdc11eba7f7acde48001122,2,0,0,0,0.00008,0,yes,992.7
36911a000bda11eba7f7acde48001122,1,0,0,0,0.00000,0,yes,1820.7
36911a000bda11eba7f7acde48001122,2,0,0,0,0.95033,1,no,1803.8
4a696d7c0bdd11eba7f7acde48001122,1,0,0,0,0.99984,1,no,1149.7
4a696d7c0bdd11eba7f7acde48001122,2,0,0,0,0.65123,1,no,1090.9
080447540bdd11eba7f7acde48001122,1,0,0,0,0.00000,0,yes,1690.7
080447540bdd11eba7f7acde48001122,2,1,0,0,0.02228,0,yes,1689.2
f6301c400bd911eba7f7acde48001122,1,0,0,0,1.00000,1,no,531.8
f6301c400bd911eba7f7acde48001122,2,1,0,0,0.99970,1,no,521.8
70f2447e0bdc11eba7f7acde48001122,1,0,0,0,1.00000,1,no,1910.4
70f2447e0bdc11eba7f7acde48001122,2,0,0,0,1.00000,1,no,1921.1
bb2607060bdc11eba7f7acde48001122,1,0,0,0,0.30057,0,yes,988.4
bb2607060bdc11eba7f7acde48001122,2,0,0,0,0.00001,0,yes,987.5
3d18bcd00bd911eba7f7acde48001122,1,1,0,0,0.00013,0,yes,965.9
3d18bcd00bd911eba7f7acde48001122,2,0,0,0,0.00000,0,yes,968.6
8c64c8fa0bda11eba7f7acde48001122,1,0,0,0,0.00005,0,yes,2001.3
8c64c8fa0bda11eba7f7acde48001122,2,0,0,0,0.85952,1,no,1995.6
63436d340bdd11eba7f7acde48001122,1,0,0,0,0.00076,0,yes,1043.8
63436d340bdd11eba7f7acde48001122,2,0,0,0,0.00000,0,yes,1036.1
cdbd6d3c0baf11ebab90acde48001122,1,0,0,0,0.05339,0,yes,1051.0
cdbd6d3c0baf11ebab90acde48001122,2,0,0,0,0.97626,1,no,1066.4
f42217160bdc11eba7f7acde48001122,1,0,0,0,1.00000,1,no,1598.0
f42217160bdc11eba7f7acde48001122,2,0,0,0,0.99115,1,no,1591.4
af9208a40bdc11eba7f7acde48001122,1,0,0,0,1.00000,1,no,2525.1
628733e20bda11eba7f7acde48001122,1,0,0,0,0.00011,0,yes,1479.8
628733e20bda11eba7f7acde48001122,2,0,0,0,1.00000,1,no,1472.8
b6fb46840bda11eba7f7acde48001122,1,0,0,0,0.52333,1,no,1039.7
b6fb46840bda11eba7f7acde48001122,2,0,0,0,1.00000,1,no,1055.2
5a04bae40bdc11eba7f7acde48001122,1,0,0,0,0.00000,0,yes,1119.0
5a04bae40bdc11eba7f7acde48001122,2,0,0,0,0.99999,1,no,1106.2
4b533d7c0bdc11eba7f7acde48001122,1,0,0,0,0.00000,0,yes,2659.3
4b533d7c0bdc11eba7f7acde48001122,2,0,0,0,1.00000,1,no,2586.2
65b900800bdb11eba7f7acde48001122,1,0,0,0,0.00000,0,yes,3127.7
65b900800bdb11eba7f7acde48001122,2,1,0,0,1.00000,1,no,3115.1
52757cfa0bdc11eba7f7acde48001122,1,0,0,0,0.00000,0,yes,1128.3
52757cfa0bdc11eba7f7acde48001122,2,0,0,0,0.99191,1,no,1103.2
679234fc0bdc11eba7f7acde48001122,1,0,0,0,0.00004,0,yes,1049.9
679234fc0bdc11eba7f7acde48001122,2,0,0,0,0.00000,0,yes,1043.2
099eca0a0bdb11eba7f7acde48001122,1,0,0,0,0.00001,0,yes,1035.9
099eca0a0bdb11eba7f7acde48001122,2,1,0,0,1.00000,1,no,1029.7
35d8690e0bdc11eba7f7acde48001122,1,0,0,0,0.99985,1,no,1431.4
35d8690e0bdc11eba7f7acde48001122,2,0,0,0,0.00806,0,yes,1426.4
4a415cc00bdc11eba7f7acde48001122,1,0,0,0,1.00000,1,no,1412.1
4a415cc00bdc11eba7f7acde48001122,2,1,0,0,1.00000,1,no,1384.8
03d6e35a0bdb11eba7f7acde48001122,1,0,0,0,1.00000,1,no,1114.5
03d6e35a0bdb11eba7f7acde48001122,2,0,0,0,0.99946,1,no,1110.7
44edebfa0bda11eba7f7acde48001122,1,0,0,0,0.00000,0,yes,886.4
44edebfa0bda11eba7f7acde48001122,2,0,0,0,1.00000,1,no,882.9
ba025d780bd911eba7f7acde48001122,1,1,0,0,0.97556,1,no,1663.5
ba025d780bd911eba7f7acde48001122,2,1,0,0,0.98308,1,no,1660.7
cf829e0e0bdb11eba7f7acde48001122,1,0,0,0,0.99985,1,no,1097.1
cf829e0e0bdb11eba7f7acde48001122,2,0,0,0,1.00000,1,no,1106.6
fb42bee20bdc11eba7f7acde48001122,1,0,0,0,0.69253,1,no,1083.0
fb42bee20bdc11eba7f7acde48001122,2,1,0,0,1.00000,1,no,1090.5
1a2fc69c0bb011ebab90acde48001122,1,0,0,0,0.39199,0,yes,2843.4
1a2fc69c0bb011ebab90acde48001122,2,0,0,0,1.00000,1,no,2873.0
7373d6160bd911eba7f7acde48001122,1,0,0,0,0.00000,0,yes,1605.8
7373d6160bd911eba7f7acde48001122,2,0,0,0,0.99995,1,no,1602.9
12f608ec0bdc11eba7f7acde48001122,1,0,0,0,0.91722,1,no,1597.2
12f608ec0bdc11eba7f7acde48001122,2,1,0,0,1.00000,1,no,1602.4
5e612b2e0bda11eba7f7acde48001122,1,0,0,0,0.67882,1,no,1382.3
5e612b2e0bda11eba7f7acde48001122,2,1,0,0,1.00000,1,no,1389.6
3bf69de80bdb11eba7f7acde48001122,1,0,0,0,0.00000,0,yes,1011.5
3bf69de80bdb11eba7f7acde48001122,2,1,0,0,0.00000,0,yes,987.2
5d4ad9d60baf11ebab90acde48001122,1,0,0,0,0.00000,0,yes,1616.9
5d4ad9d60baf11ebab90acde48001122,2,0,0,0,0.01322,0,yes,1619.2
052d85a60bdb11eba7f7acde48001122,1,0,0,0,0.00000,0,yes,1091.7
052d85a60bdb11eba7f7acde48001122,2,0,0,0,0.00003,0,yes,1084.1
56fe81f60bda11eba7f7acde48001122,1,0,0,0,0.00001,0,yes,872.1
56fe81f60bda11eba7f7acde48001122,2,0,0,0,0.01912,0,yes,861.3
06aa9f620bdc11eba7f7acde48001122,1,0,0,0,0.00000,0,yes,2419.7
06aa9f620bdc11eba7f7acde48001122,2,1,0,0,1.00000,1,no,2323.5
8adee4f80bd911eba7f7acde48001122,1,0,0,0,0.00255,0,yes,1041.2
8adee4f80bd911eba7f7acde48001122,2,0,0,0,0.04336,0,yes,1039.5
77c85e400bdd11eba7f7acde48001122,1,0,0,0,0.00000,0,yes,1410.0
77c85e400bdd11eba7f7acde48001122,2,0,0,0,0.46779,0,yes,1397.3
4ba664040bda11eba7f7acde48001122,1,0,0,0,0.00000,0,yes,1055.5
4ba664040bda11eba7f7acde48001122,2,0,0,0,1.00000,1,no,1051.2
73676ff00bdb11eba7f7acde48001122,1,0,0,0,1.00000,1,no,1073.3
73676ff00bdb11eba7f7acde48001122,2,1,0,0,0.99989,1,no,1052.0
560afc420bdb11eba7f7acde48001122,1,0,0,0,0.00000,0,yes,1614.7
560afc420bdb11eba7f7acde48001122,2,0,0,0,0.00017,0,yes,1649.3
1c6cd2b60bdc11eba7f7acde48001122,1,1,0,0,0.00160,0,yes,892.5
1c6cd2b60bdc11eba7f7acde48001122,2,1,0,0,0.99986,1,no,894.8
338bf6200bdc11eba7f7acde48001122,1,0,0,0,0.00000,0,yes,1026.9
338bf6200bdc11eba7f7acde48001122,2,0,0,0,0.00971,0,yes,1039.5
24c1679e0bda11eba7f7acde48001122,1,0,0,0,1.00000,1,no,1662.4
24c1679e0bda11eba7f7acde48001122,2,1,0,0,0.00003,0,yes,1636.5
b405cdfa0bda11eba7f7acde48001122,1,0,0,0,0.00000,0,yes,1061.8
b405cdfa0bda11eba7f7acde48001122,2,0,0,0,0.99981,1,no,1063.0
bb8f9bbc0bdc11eba7f7acde48001122,1,0,0,0,0.00001,0,yes,1392.0
bb8f9bbc0bdc11eba7f7acde48001122,2,0,0,0,0.00000,0,yes,1405.2
e182a8520bda11eba7f7acde48001122,1,0,0,0,0.04740,0,yes,950.1
e182a8520bda11eba7f7acde48001122,2,0,0,0,0.00001,0,yes,947.4
8dbe10c40bdc11eba7f7acde48001122,1,0,0,0,0.00000,0,yes,1031.0
8dbe10c40bdc11eba7f7acde48001122,2,0,0,0,0.02594,0,yes,1017.6
a36402f00bda11eba7f7acde48001122,1,0,0,0,1.00000,1,no,1384.3
a36402f00bda11eba7f7acde48001122,2,1,0,0,1.00000,1,no,1390.5
a93a427e0bdb11eba7f7acde48001122,1,0,0,0,0.00001,0,yes,952.2
a93a427e0bdb11eba7f7acde48001122,2,1,0,0,1.00000,1,no,958.3
03950c4a0bdc11eba7f7acde48001122,1,0,0,0,0.00003,0,yes,2601.6
03950c4a0bdc11eba7f7acde48001122,2,1,0,0,0.00649,0,yes,2620.1
7166c7740bda11eba7f7acde48001122,1,0,0,0,0.00003,0,yes,1027.2
7166c7740bda11eba7f7acde48001122,2,1,0,0,1.00000,1,no,1024.0
61df8a820bdc11eba7f7acde48001122,1,0,0,1,0.00078,0,yes,1068.7
61df8a820bdc11eba7f7acde48001122,2,1,0,0,0.00013,0,yes,1082.9
ae36b7160bdc11eba7f7acde48001122,1,0,0,0,0.00097,0,yes,1024.5
ae36b7160bdc11eba7f7acde48001122,2,1,0,0,0.28773,0,yes,1015.2
539b66240bd911eba7f7acde48001122,1,0,0,0,0.00022,0,yes,1461.6
539b66240bd911eba7f7acde48001122,2,1,0,0,0.94654,1,no,1467.8
e170c9780baf11ebab90acde48001122,1,0,0,0,1.00000,1,no,1348.5
e170c9780baf11ebab90acde48001122,2,0,0,0,0.91723,1,no,1378.3
037661b20bde11eba7f7acde48001122,1,1,0,0,0.97556,1,no,1421.6
037661b20bde11eba7f7acde48001122,2,0,0,0,0.00071,0,yes,1417.8
2eda4caa0bda11eba7f7acde48001122,1,0,0,0,0.00000,0,yes,1046.1
2eda4caa0bda11eba7f7acde48001122,2,0,0,0,0.00001,0,yes,1045.2
d8ebdb940bdc11eba7f7acde48001122,1,0,0,0,0.00000,0,yes,1159.7
d8ebdb940bdc11eba7f7acde48001122,2,0,0,0,0.00036,0,yes,1094.0
97d859be0bd911eba7f7acde48001122,1,0,0,0,0.00001,0,yes,916.0
97d859be0bd911eba7f7acde48001122,2,1,0,0,1.00000,1,no,893.0
7fbd79ce0bdc11eba7f7acde48001122,1,0,0,0,0.00001,0,yes,1584.4
7fbd79ce0bdc11eba7f7acde48001122,2,0,0,0,0.00000,0,yes,1590.8
3e3943080bdb11eba7f7acde48001122,1,0,0,0,1.00000,1,no,1713.6
3e3943080bdb11eba7f7acde48001122,2,0,0,0,0.99287,1,no,1729.3
65f6ada20bdd11eba7f7acde48001122,1,0,0,0,0.48341,0,yes,653.0
65f6ada20bdd11eba7f7acde48001122,2,0,0,0,0.92129,1,no,654.5
93b2df480bda11eba7f7acde48001122,1,0,0,0,0.00000,0,yes,1115.1
93b2df480bda11eba7f7acde48001122,2,1,0,0,0.00000,0,yes,1102.7
d72103bc0bdb11eba7f7acde48001122,1,0,0,0,0.00000,0,yes,1030.3
d72103bc0bdb11eba7f7acde48001122,2,0,0,0,0.00000,0,yes,1021.6
f16522980baf11ebab90acde48001122,1,0,0,0,1.00000,1,no,2806.1
f16522980baf11ebab90acde48001122,2,0,0,0,0.97896,1,no,2743.2
b5a962d40bda11eba7f7acde48001122,1,0,0,0,0.00000,0,yes,984.1
b5a962d40bda11eba7f7acde48001122,2,0,0,0,0.19901,0,yes,977.4
6634586c0bda11eba7f7acde48001122,1,0,0,0,0.00002,0,yes,1945.8
6634586c0bda11eba7f7acde48001122,2,0,0,0,0.66529,1,no,1904.8
1bf49ae40bdc11eba7f7acde48001122,1,0,0,0,0.00001,0,yes,898.7
1bf49ae40bdc11eba7f7acde48001122,2,1,0,0,0.00063,0,yes,889.3
13feeb200bda11eba7f7acde48001122,1,0,0,0,0.96588,1,no,904.7
13feeb200bda11eba7f7acde48001122,2,0,0,0,0.80283,1,no,909.1
8ec154c80bdb11eba7f7acde48001122,1,0,0,0,0.00000,0,yes,2770.6
8ec154c80bdb11eba7f7acde48001122,2,0,0,0,0.00000,0,yes,2789.4
d13498ac0bda11eba7f7acde48001122,1,0,0,0,0.00000,0,yes,1393.2
d13498ac0bda11eba7f7acde48001122,2,1,0,0,0.02930,0,yes,1400.5
2297c4540bda11eba7f7acde48001122,1,0,0,0,0.00000,0,yes,1105.8
2297c4540bda11eba7f7acde48001122,2,1,0,0,0.24411,0,yes,1089.6
53cbb11e0bdc11eba7f7acde48001122,1,0,0,0,1.00000,1,no,1043.1
53cbb11e0bdc11eba7f7acde48001122,2,1,0,0,0.92413,1,no,1044.6
7e1a81f00bd911eba7f7acde48001122,1,0,0,0,0.99998,1,no,1760.7
7e1a81f00bd911eba7f7acde48001122,2,1,0,0,1.00000,1,no,1750.7
ce52bef60bdb11eba7f7acde48001122,1,0,0,0,0.00000,0,yes,2766.8
ce52bef60bdb11eba7f7acde48001122,2,0,0,0,1.00000,1,no,2703.5
c4edcc700bdb11eba7f7acde48001122,1,0,0,0,0.00002,0,yes,1635.5
c4edcc700bdb11eba7f7acde48001122,2,0,0,0,1.00000,1,no,1613.1
c8b1938c0bdb11eba7f7acde48001122,1,0,0,0,0.00000,0,yes,2795.6
c8b1938c0bdb11eba7f7acde48001122,2,0,0,0,0.91242,1,no,2801.2
440efa420bdc11eba7f7acde48001122,1,0,0,0,0.00000,0,yes,670.1
440efa420bdc11eba7f7acde48001122,2,0,0,0,0.99999,1,no,682.7
0c0032e40bda11eba7f7acde48001122,1,0,0,0,0.00005,0,yes,680.8
0c0032e40bda11eba7f7acde48001122,2,0,0,0,0.99985,1,no,679.6
e5d700280bdb11eba7f7acde48001122,1,0,0,0,0.99974,1,no,1417.0
e5d700280bdb11eba7f7acde48001122,2,1,0,0,0.99998,1,no,1441.3
53f3f65c0bdb11eba7f7acde48001122,1,0,0,0,0.00003,0,yes,1562.1
53f3f65c0bdb11eba7f7acde48001122,2,1,0,0,1.00000,1,no,1562.2
7c5817160bb011ebab90acde48001122,1,0,0,0,0.00073,0,yes,1594.9
7c5817160bb011ebab90acde48001122,2,0,0,0,0.99937,1,no,1610.4
986ffe080bda11eba7f7acde48001122,1,1,0,0,0.73710,1,no,898.6
986ffe080bda11eba7f7acde48001122,2,0,0,0,0.00000,0,yes,876.2
1050b5cc0bde11eba7f7acde48001122,1,0,0,0,0.00004,0,yes,971.2
1050b5cc0bde11eba7f7acde48001122,2,0,0,0,0.00001,0,yes,971.4
5bef52c00bdb11eba7f7acde48001122,1,0,0,0,0.00094,0,yes,1026.3
5bef52c00bdb11eba7f7acde48001122,2,1,0,0,1.00000,1,no,1030.8
a556f5a20bdc11eba7f7acde48001122,1,0,0,0,0.00187,0,yes,1598.8
a556f5a20bdc11eba7f7acde48001122,2,0,0,0,0.98635,1,no,1565.7
dfa0445a0bd911eba7f7acde48001122,1,0,0,0,0.00002,0,yes,869.6
dfa0445a0bd911eba7f7acde48001122,2,0,0,0,0.99992,1,no,876.0
4df223b40bdb11eba7f7acde48001122,1,0,0,0,0.00001,0,yes,1096.5
4df223b40bdb11eba7f7acde48001122,2,0,0,0,0.00001,0,yes,1109.1
40f127e20bda11eba7f7acde48001122,1,0,0,0,0.96587,1,no,967.1
40f127e20bda11eba7f7acde48001122,2,1,0,0,1.00000,1,no,967.9
36937aa00bdc11eba7f7acde48001122,1,0,0,0,0.69915,1,no,683.3
36937aa00bdc11eba7f7acde48001122,2,0,0,0,1.00000,1,no,669.5
7e7c87ea0bdb11eba7f7acde48001122,1,0,0,0,0.00000,0,yes,1132.2
7e7c87ea0bdb11eba7f7acde48001122,2,1,0,0,0.07585,0,yes,1378.0
164083f60bdc11eba7f7acde48001122,1,0,0,0,0.00001,0,yes,1420.1
164083f60bdc11eba7f7acde48001122,2,1,0,0,0.99999,1,no,1399.4
e82e788e0bda11eba7f7acde48001122,1,0,0,0,0.00000,0,yes,1003.1
e82e788e0bda11eba7f7acde48001122,2,1,0,0,0.00055,0,yes,994.3
39e9f6120bdb11eba7f7acde48001122,1,0,0,0,0.98756,1,no,1013.9
39e9f6120bdb11eba7f7acde48001122,2,0,0,0,1.00000,1,no,1014.2
319d26100bda11eba7f7acde48001122,1,1,0,0,0.96482,1,no,881.3
319d26100bda11eba7f7acde48001122,2,0,0,0,0.00004,0,yes,883.6
38fa5d620bdd11eba7f7acde48001122,1,0,0,0,0.00002,0,yes,2727.5
38fa5d620bdd11eba7f7acde48001122,2,0,0,0,0.01001,0,yes,2665.8
8d4863fc0bdb11eba7f7acde48001122,1,0,0,0,0.00000,0,yes,973.5
8d4863fc0bdb11eba7f7acde48001122,2,0,0,0,0.00004,0,yes,965.3
4346c2cc0bda11eba7f7acde48001122,1,1,0,0,1.00000,1,no,1878.8
4346c2cc0bda11eba7f7acde48001122,2,1,0,0,1.00000,1,no,1814.6
a8f876a20bd911eba7f7acde48001122,1,0,0,0,0.99641,1,no,917.7
a8f876a20bd911eba7f7acde48001122,2,0,0,0,0.92626,1,no,913.2
fa6af16a0bdc11eba7f7acde48001122,1,0,0,0,0.00002,0,yes,766.4
fa6af16a0bdc11eba7f7acde48001122,2,0,0,0,0.00382,0,yes,757.1
d39903520bdb11eba7f7acde48001122,1,0,0,0,0.04082,0,yes,1696.7
d39903520bdb11eba7f7acde48001122,2,1,0,0,0.00022,0,yes,1690.1
5035fdd20bd911eba7f7acde48001122,1,0,0,0,0.00000,0,yes,1178.2
5035fdd20bd911eba7f7acde48001122,2,0,0,0,0.00000,0,yes,1086.6
23d19e760bda11eba7f7acde48001122,1,0,0,0,0.00001,0,yes,857.7
23d19e760bda11eba7f7acde48001122,2,0,0,0,0.00011,0,yes,855.5
487823b20bda11eba7f7acde48001122,1,0,0,0,0.00001,0,yes,1378.4
487823b20bda11eba7f7acde48001122,2,0,0,0,0.00000,0,yes,1366.2
5a8939000bdb11eba7f7acde48001122,1,0,0,0,0.98255,1,no,1036.3
5a8939000bdb11eba7f7acde48001122,2,0,0,0,0.43012,0,yes,1041.4
ec7da1b20bda11eba7f7acde48001122,1,0,0,0,1.00000,1,no,867.5
ec7da1b20bda11eba7f7acde48001122,2,1,0,0,0.99998,1,no,872.3
93e2c8900bdd11eba7f7acde48001122,1,0,0,0,0.11594,0,yes,1099.6
93e2c8900bdd11eba7f7acde48001122,2,0,0,0,1.00000,1,no,1095.8
0410d89e0bdb11eba7f7acde48001122,1,0,0,0,0.00000,0,yes,1607.8
0410d89e0bdb11eba7f7acde48001122,2,0,0,0,0.00064,0,yes,1610.3
bb5e84240bdb11eba7f7acde48001122,1,0,0,0,0.00000,0,yes,2614.0
bb5e84240bdb11eba7f7acde48001122,2,0,0,0,0.00004,0,yes,2664.7
ae9895260bdc11eba7f7acde48001122,1,0,0,0,0.00555,0,yes,1449.7
ae9895260bdc11eba7f7acde48001122,2,0,0,0,0.00001,0,yes,1435.8
32cb882e0bda11eba7f7acde48001122,1,0,0,0,0.00039,0,yes,849.7
32cb882e0bda11eba7f7acde48001122,2,0,0,0,0.96880,1,no,841.0
7683cb600bdc11eba7f7acde48001122,1,0,0,0,1.00000,1,no,1012.4
7683cb600bdc11eba7f7acde48001122,2,0,0,0,0.99986,1,no,1001.0
0cae6a9c0bdc11eba7f7acde48001122,1,0,0,0,0.76063,1,no,2186.1
0cae6a9c0bdc11eba7f7acde48001122,2,1,0,0,0.52340,1,no,2196.9
17516c380bdc11eba7f7acde48001122,1,0,0,0,0.00591,0,yes,2242.1
17516c380bdc11eba7f7acde48001122,2,0,0,0,0.07583,0,yes,2276.0
3ed231380bdd11eba7f7acde48001122,1,0,0,0,0.00000,0,yes,1064.4
3ed231380bdd11eba7f7acde48001122,2,1,0,0,1.00000,1,no,1070.3
54e588260bdd11eba7f7acde48001122,1,0,0,0,0.00000,0,yes,1465.2
54e588260bdd11eba7f7acde48001122,2,1,0,0,1.00000,1,no,1469.8
5ec9b5b80bda11eba7f7acde48001122,1,0,0,0,0.00001,0,yes,1053.5
5ec9b5b80bda11eba7f7acde48001122,2,0,0,0,1.00000,1,no,1055.2
5fe38bd60bda11eba7f7acde48001122,1,0,0,0,0.00000,0,yes,2813.1
5fe38bd60bda11eba7f7acde48001122,2,0,0,0,0.00000,0,yes,2800.8
5c9b528e0bde11eba7f7acde48001122,1,0,0,0,0.00000,0,yes,2172.9
5c9b528e0bde11eba7f7acde48001122,2,1,0,0,0.00000,0,yes,2177.1
ce3261c00bda11eba7f7acde48001122,1,0,0,0,0.98967,1,no,2625.8
ce3261c00bda11eba7f7acde48001122,2,0,0,0,0.00047,0,yes,2672.8
6797ea380bdb11eba7f7acde48001122,1,0,0,0,0.00000,0,yes,895.5
6797ea380bdb11eba7f7acde48001122,2,0,0,0,0.00000,0,yes,901.6
061f45e00bda11eba7f7acde48001122,1,0,0,0,0.00000,0,yes,1586.7
061f45e00bda11eba7f7acde48001122,2,0,0,0,0.00000,0,yes,1590.0
642a43c40bda11eba7f7acde48001122,1,0,0,0,0.89902,1,no,906.0
642a43c40bda11eba7f7acde48001122,2,1,0,0,0.00433,0,yes,890.4
80a7ec4c0bdd11eba7f7acde48001122,1,0,0,0,0.00000,0,yes,988.4
80a7ec4c0bdd11eba7f7acde48001122,2,1,0,0,1.00000,1,no,991.5
ca2027e80bda11eba7f7acde48001122,1,0,0,0,0.37744,0,yes,1114.0
ca2027e80bda11eba7f7acde48001122,2,1,0,0,0.09004,0,yes,1110.1
781015520bdb11eba7f7acde48001122,1,0,0,0,0.00026,0,yes,1815.2
781015520bdb11eba7f7acde48001122,2,1,0,0,0.00054,0,yes,1785.0
850281ba0bda11eba7f7acde48001122,1,0,0,0,1.00000,1,no,1022.3
850281ba0bda11eba7f7acde48001122,2,0,0,0,0.07153,0,yes,1023.9
087222560bdd11eba7f7acde48001122,1,0,0,0,0.00000,0,yes,1183.2
087222560bdd11eba7f7acde48001122,2,1,0,0,1.00000,1,no,1165.0
b525c75c0bdb11eba7f7acde48001122,1,0,0,0,0.00021,0,yes,776.7
b525c75c0bdb11eba7f7acde48001122,2,1,0,0,1.00000,1,no,761.6
bff85f860bdc11eba7f7acde48001122,1,0,0,0,0.98144,1,no,2537.8
bff85f860bdc11eba7f7acde48001122,2,0,0,0,0.00000,0,yes,2477.7
665cf95a0bdc11eba7f7acde48001122,1,0,0,0,0.99998,1,no,2263.5
665cf95a0bdc11eba7f7acde48001122,2,0,0,0,0.00038,0,yes,2270.6
dba2ce7e0baf11ebab90acde48001122,1,0,0,0,0.00000,0,yes,1797.2
dba2ce7e0baf11ebab90acde48001122,2,1,0,0,0.99524,1,no,1811.3
4ac9933a0bda11eba7f7acde48001122,1,1,0,0,0.05831,0,yes,2438.9
4ac9933a0bda11eba7f7acde48001122,2,0,0,0,0.02228,0,yes,2494.8
737bf92e0bdc11eba7f7acde48001122,1,0,0,0,0.00000,0,yes,1149.6
737bf92e0bdc11eba7f7acde48001122,2,1,0,0,1.00000,1,no,1061.5
36e007820bda11eba7f7acde48001122,1,0,0,0,0.00000,0,yes,1714.4
36e007820bda11eba7f7acde48001122,2,0,0,0,0.99893,1,no,1730.4
af33c9480bdb11eba7f7acde48001122,1,0,0,0,0.00015,0,yes,887.5
af33c9480bdb11eba7f7acde48001122,2,1,0,0,0.00078,0,yes,875.7
2139fde60bdc11eba7f7acde48001122,1,0,0,0,0.00008,0,yes,3387.7
2139fde60bdc11eba7f7acde48001122,2,1,0,0,0.00758,0,yes,3509.6
089c29860bdb11eba7f7acde48001122,1,0,0,0,0.00000,0,yes,974.1
089c29860bdb11eba7f7acde48001122,2,0,0,0,0.00007,0,yes,908.7
ad6af6220bdb11eba7f7acde48001122,1,0,0,0,1.00000,1,no,1043.6
ad6af6220bdb11eba7f7acde48001122,2,1,0,0,1.00000,1,no,1055.9
9ccc2c860bdc11eba7f7acde48001122,1,0,0,0,0.00000,0,yes,1002.0
9ccc2c860bdc11eba7f7acde48001122,2,0,0,0,0.02516,0,yes,997.3
d8db90460bdb11eba7f7acde48001122,1,0,0,0,0.00002,0,yes,1065.4
d8db90460bdb11eba7f7acde48001122,2,0,0,0,1.00000,1,no,1048.7
cf9caf320bdc11eba7f7acde48001122,1,0,0,0,0.00000,0,yes,1469.7
cf9caf320bdc11eba7f7acde48001122,2,0,0,0,0.00000,0,yes,1480.8
482f32f40baf11ebab90acde48001122,1,0,0,0,0.12932,0,yes,1430.2
482f32f40baf11ebab90acde48001122,2,0,0,0,0.00555,0,yes,1459.0
99f83c0e0bda11eba7f7acde48001122,1,0,0,0,0.00000,0,yes,1017.8
99f83c0e0bda11eba7f7acde48001122,2,0,0,0,1.00000,1,no,1016.3
b93789d60bd911eba7f7acde48001122,1,0,0,0,0.02676,0,yes,996.0
b93789d60bd911eba7f7acde48001122,2,1,0,0,1.00000,1,no,1007.9
21fc64d00baf11ebab90acde48001122,1,0,0,0,1.00000,1,no,972.4
21fc64d00baf11ebab90acde48001122,2,1,0,0,1.00000,1,no,975.1
99f527620bda11eba7f7acde48001122,1,0,0,0,0.99999,1,no,974.8
99f527620bda11eba7f7acde48001122,2,0,0,0,1.00000,1,no,976.3
6b10a3fa0bd911eba7f7acde48001122,1,0,0,0,0.99844,1,no,1721.3
6b10a3fa0bd911eba7f7acde48001122,2,1,0,1,1.00000,1,no,1746.9
89bd89780bdc11eba7f7acde48001122,1,0,0,0,0.00001,0,yes,1053.2
89bd89780bdc11eba7f7acde48001122,2,0,0,0,0.99983,1,no,1053.3
59f5b6d80bdd11eba7f7acde48001122,1,0,0,0,0.00000,0,yes,691.9
59f5b6d80bdd11eba7f7acde48001122,2,1,0,0,0.00005,0,yes,684.0
5d15d7400bdc11eba7f7acde48001122,1,0,0,0,0.00000,0,yes,1065.5
5d15d7400bdc11eba7f7acde48001122,2,0,0,0,0.00420,0,yes,1052.4
776e55f80bdd11eba7f7acde48001122,1,0,0,0,0.00010,0,yes,1089.4
776e55f80bdd11eba7f7acde48001122,2,1,0,0,0.76061,1,no,1072.7
85f49e3a0baf11ebab90acde48001122,1,0,0,0,0.87394,1,no,1958.1
85f49e3a0baf11ebab90acde48001122,2,1,0,0,0.99890,1,no,1975.9
0a66739e0bda11eba7f7acde48001122,1,0,0,0,0.00000,0,yes,2380.5
0a66739e0bda11eba7f7acde48001122,2,0,0,0,0.00000,0,yes,2385.4
413db67a0bda11eba7f7acde48001122,1,0,0,0,0.67899,1,no,963.8
413db67a0bda11eba7f7acde48001122,2,0,0,0,0.02555,0,yes,961.0
ea919c320bda11eba7f7acde48001122,1,0,0,0,0.00000,0,yes,1088.7
ea919c320bda11eba7f7acde48001122,2,0,0,0,0.99998,1,no,1087.9
0cd18e1e0bdc11eba7f7acde48001122,1,0,0,0,0.00040,0,yes,1617.3
0cd18e1e0bdc11eba7f7acde48001122,2,0,0,0,0.03513,0,yes,1603.9
a6d3e7740bdb11eba7f7acde48001122,1,0,0,0,0.00000,0,yes,1011.4
a6d3e7740bdb11eba7f7acde48001122,2,0,0,0,1.00000,1,no,1006.8
674e131a0bde11eba7f7acde48001122,1,0,0,0,0.06745,0,yes,1058.3
674e131a0bde11eba7f7acde48001122,2,0,0,0,0.01798,0,yes,1053.5
5e9799ec0bdb11eba7f7acde48001122,1,0,0,0,0.00000,0,yes,1560.8
5e9799ec0bdb11eba7f7acde48001122,2,1,0,0,1.00000,1,no,1527.4
c91fb2000bda11eba7f7acde48001122,1,0,0,0,0.56211,1,no,1677.8
c91fb2000bda11eba7f7acde48001122,2,0,0,0,0.00067,0,yes,1667.8
f69cdec80bdb11eba7f7acde48001122,1,0,0,0,0.00003,0,yes,1080.8
f69cdec80bdb11eba7f7acde48001122,2,0,0,0,0.86694,1,no,1081.0
545691f20bdd11eba7f7acde48001122,1,0,0,0,0.99999,1,no,2477.6
545691f20bdd11eba7f7acde48001122,2,1,0,0,0.55435,1,no,2453.1
f0a121d60bdc11eba7f7acde48001122,1,0,0,0,0.00000,0,yes,2165.8
f0a121d60bdc11eba7f7acde48001122,2,1,0,0,0.00000,0,yes,2210.0
119af8f40bdc11eba7f7acde48001122,1,0,0,0,0.00000,0,yes,1781.7
119af8f40bdc11eba7f7acde48001122,2,1,0,0,0.00000,0,yes,1788.2
b5bbe0220bd911eba7f7acde48001122,1,0,0,0,0.99959,1,no,1855.0
b5bbe0220bd911eba7f7acde48001122,2,0,0,0,1.00000,1,no,1873.3
7b7e521c0bdb11eba7f7acde48001122,1,0,0,0,0.00000,0,yes,1087.9
7b7e521c0bdb11eba7f7acde48001122,2,1,0,0,0.02297,0,yes,1088.3
cac6009e0bdc11eba7f7acde48001122,1,0,0,0,0.00011,0,yes,1635.2
cac6009e0bdc11eba7f7acde48001122,2,0,0,0,0.94498,1,no,1630.4
9ad0fb580bd911eba7f7acde48001122,1,0,0,0,0.00000,0,yes,1131.3
9ad0fb580bd911eba7f7acde48001122,2,0,0,0,0.00000,0,yes,1124.2
1b6a64320baf11ebab90acde48001122,1,0,0,0,1.00000,1,no,2427.2
1b6a64320baf11ebab90acde48001122,2,1,0,0,1.00000,1,no,2321.5
b089e9120bdb11eba7f7acde48001122,1,0,0,0,0.00000,0,yes,976.1
4eafda1e0bd911eba7f7acde48001122,1,0,0,0,0.00000,0,yes,1471.9
4eafda1e0bd911eba7f7acde48001122,2,1,0,0,0.37009,0,yes,1466.3
dfd291580bd911eba7f7acde48001122,1,0,0,0,0.27509,0,yes,991.0
dfd291580bd911eba7f7acde48001122,2,0,0,0,1.00000,1,no,985.5
fa0d36a80bda11eba7f7acde48001122,1,0,0,0,0.96151,1,no,1061.8
fa0d36a80bda11eba7f7acde48001122,2,0,0,0,0.68577,1,no,1065.7
6eac0e9c0bdd11eba7f7acde48001122,1,0,0,0,0.00000,0,yes,1724.6
6eac0e9c0bdd11eba7f7acde48001122,2,0,0,0,0.99680,1,no,1696.7
5ddd65580bdc11eba7f7acde48001122,1,0,0,0,0.00097,0,yes,1053.4
5ddd65580bdc11eba7f7acde48001122,2,1,0,0,0.48421,0,yes,1044.7
968ac6d40bdc11eba7f7acde48001122,1,0,0,0,0.99948,1,no,769.8
968ac6d40bdc11eba7f7acde48001122,2,1,0,0,1.00000,1,no,775.9
ee4ed3b20bda11eba7f7acde48001122,1,0,0,0,0.00573,0,yes,1450.0
ee4ed3b20bda11eba7f7acde48001122,2,1,0,0,0.06007,0,yes,1456.4
2d78a4ea0bdc11eba7f7acde48001122,1,0,0,0,0.00001,0,yes,1049.1
2d78a4ea0bdc11eba7f7acde48001122,2,1,0,0,0.89325,1,no,1039.7
11bf5f1e0bdc11eba7f7acde48001122,1,0,0,0,0.00000,0,yes,2203.4
11bf5f1e0bdc11eba7f7acde48001122,2,0,0,0,0.00000,0,yes,2237.9
095b79ba0bdd11eba7f7acde48001122,1,0,0,0,1.00000,1,no,1376.6
095b79ba0bdd11eba7f7acde48001122,2,0,0,0,0.00001,0,yes,1390.7
b8f80b620bd911eba7f7acde48001122,1,0,0,0,1.00000,1,no,1092.1
b8f80b620bd911eba7f7acde48001122,2,0,0,0,1.00000,1,no,1097.6
c58510cc0bda11eba7f7acde48001122,1,0,0,0,0.00001,0,yes,1752.4
c58510cc0bda11eba7f7acde48001122,2,1,0,0,0.00000,0,yes,1773.5
7d897f5e0bdc11eba7f7acde48001122,1,0,0,0,0.34144,0,yes,1024.0
7d897f5e0bdc11eba7f7acde48001122,2,0,0,0,0.02517,0,yes,1037.9
a49ce0680bdc11eba7f7acde48001122,1,0,0,0,0.22810,0,yes,1758.1
a49ce0680bdc11eba7f7acde48001122,2,0,0,0,0.99999,1,no,1727.6
87e3d5be0bda11eba7f7acde48001122,1,0,0,0,0.00000,0,yes,2748.2
87e3d5be0bda11eba7f7acde48001122,2,0,0,0,0.98255,1,no,2692.6
c4c482c20bd911eba7f7acde48001122,1,0,0,0,0.73103,1,no,1103.3
c4c482c20bd911eba7f7acde48001122,2,0,0,0,0.97401,1,no,1106.8
916549100bda11eba7f7acde48001122,1,0,0,0,0.00000,0,yes,1425.9
916549100bda11eba7f7acde48001122,2,0,0,0,0.04602,0,yes,1406.8
a8bf1eac0bd911eba7f7acde48001122,1,0,0,0,0.09532,0,yes,1003.1
a8bf1eac0bd911eba7f7acde48001122,2,0,0,0,0.00004,0,yes,999.1
84ee289a0bdb11eba7f7acde48001122,1,0,0,0,0.00036,0,yes,1761.7
84ee289a0bdb11eba7f7acde48001122,2,0,0,0,1.00000,1,no,1765.3
4a270b2c0bdc11eba7f7acde48001122,1,0,0,0,0.99999,1,no,1384.9
4a270b2c0bdc11eba7f7acde48001122,2,0,0,0,0.63700,1,no,1135.6
1a6e79f60bdc11eba7f7acde48001122,1,0,0,0,0.00000,0,yes,910.4
1a6e79f60bdc11eba7f7acde48001122,2,1,0,0,0.38458,0,yes,912.7
e564183e0bda11eba7f7acde48001122,1,0,0,0,0.00000,0,yes,1122.6
e564183e0bda11eba7f7acde48001122,2,0,0,0,0.02843,0,yes,1113.3
f151ddfa0bdc11eba7f7acde48001122,1,0,0,0,0.00000,0,yes,2310.1
a166941e0bd911eba7f7acde48001122,1,0,0,0,0.00137,0,yes,691.8
a166941e0bd911eba7f7acde48001122,2,0,0,0,0.00649,0,yes,700.4
b94e20fe0bdb11eba7f7acde48001122,1,0,0,0,0.99997,1,no,1729.8
b94e20fe0bdb11eba7f7acde48001122,2,1,0,0,0.97481,1,no,1748.6
de9dd1a20bda11eba7f7acde48001122,1,0,0,0,0.00000,0,yes,766.1
de9dd1a20bda11eba7f7acde48001122,2,1,0,0,0.00103,0,yes,762.6
6e859bfa0bdc11eba7f7acde48001122,1,0,0,0,0.00025,0,yes,1089.2
6e859bfa0bdc11eba7f7acde48001122,2,0,0,0,0.00001,0,yes,1092.7
e18284e20bdc11eba7f7acde48001122,1,0,0,0,0.00000,0,yes,1893.2
e18284e20bdc11eba7f7acde48001122,2,1,0,0,1.00000,1,no,1906.7
743514800bdd11eba7f7acde48001122,1,0,0,0,0.00001,0,yes,2278.5
743514800bdd11eba7f7acde48001122,2,0,0,0,0.00000,0,yes,2265.7
d052918a0bdc11eba7f7acde48001122,1,0,0,0,0.00002,0,yes,1692.1
d052918a0bdc11eba7f7acde48001122,2,0,0,0,1.00000,1,no,1659.1
f02371460baf11ebab90acde48001122,1,0,0,0,1.00000,1,no,1050.3
f02371460baf11ebab90acde48001122,2,0,0,0,0.08031,0,yes,1045.6
cd4d6c0c0bdd11eba7f7acde48001122,1,0,0,0,0.00000,0,yes,2550.6
cd4d6c0c0bdd11eba7f7acde48001122,2,1,0,0,1.00000,1,no,2546.0
3534454a0bdc11eba7f7acde48001122,1,0,0,0,0.23358,0,yes,770.9
3534454a0bdc11eba7f7acde48001122,2,0,0,0,0.00001,0,yes,764.6
6683f7540bdb11eba7f7acde48001122,1,0,0,0,0.99997,1,no,672.4
6683f7540bdb11eba7f7acde48001122,2,0,0,0,1.00000,1,no,679.3
5d8c4c4e0bdd11eba7f7acde48001122,1,0,0,0,0.00000,0,yes,1005.0
5d8c4c4e0bdd11eba7f7acde48001122,2,0,0,0,0.07156,0,yes,1007.0
8a43f8d40bda11eba7f7acde48001122,1,0,0,0,0.00004,0,yes,1734.4
8a43f8d40bda11eba7f7acde48001122,2,0,0,0,0.00000,0,yes,1689.7
ab8230ae0baf11ebab90acde48001122,1,0,0,0,0.00030,0,yes,1605.2
ab8230ae0baf11ebab90acde48001122,2,1,0,0,1.00000,1,no,1608.8
d39951fe0bdb11eba7f7acde48001122,1,0,0,0,0.00000,0,yes,952.3
d39951fe0bdb11eba7f7acde48001122,2,1,0,0,0.99988,1,no,961.0
3c7212220bd911eba7f7acde48001122,1,0,0,0,0.00033,0,yes,1088.4
3c7212220bd911eba7f7acde48001122,2,1,0,0,0.25089,0,yes,1084.9
2eb412c80bdb11eba7f7acde48001122,1,0,0,0,0.02517,0,yes,1696.7
2eb412c80bdb11eba7f7acde48001122,2,0,0,0,0.00008,0,yes,1696.3
94c05f800bdc11eba7f7acde48001122,1,1,0,0,0.00038,0,yes,1360.8
94c05f800bdc11eba7f7acde48001122,2,1,0,0,0.00029,0,yes,1355.3
5173f5780bd911eba7f7acde48001122,1,0,0,0,0.00000,0,yes,1119.1
5173f5780bd911eba7f7acde48001122,2,0,0,0,0.10373,0,yes,1121.4
2accb2220bdc11eba7f7acde48001122,1,0,0,0,0.00000,0,yes,889.5
2accb2220bdc11eba7f7acde48001122,2,1,0,0,1.00000,1,no,885.6
55c99d2c0bdd11eba7f7acde48001122,1,1,0,0,1.00000,1,no,766.0
55c99d2c0bdd11eba7f7acde48001122,2,1,0,0,1.00000,1,no,765.8
5c91390e0bdc11eba7f7acde48001122,1,0,0,0,0.00610,0,yes,1024.1
5c91390e0bdc11eba7f7acde48001122,2,0,0,0,0.99672,1,no,1026.6
80cbf8a60bda11eba7f7acde48001122,1,0,0,0,0.00491,0,yes,1980.6
80cbf8a60bda11eba7f7acde48001122,2,1,0,0,1.00000,1,no,2002.0
e0740d700bda11eba7f7acde48001122,1,0,0,0,1.00000,1,no,962.3
e0740d700bda11eba7f7acde48001122,2,0,0,0,1.00000,1,no,975.0
cd5588660bdc11eba7f7acde48001122,1,0,0,0,0.53113,1,no,1622.1
cd5588660bdc11eba7f7acde48001122,2,0,0,0,0.01205,0,yes,1583.4
9b4b0d8e0bda11eba7f7acde48001122,1,0,0,0,0.00649,0,yes,848.3
9b4b0d8e0bda11eba7f7acde48001122,2,0,0,0,0.99996,1,no,852.2
4b97de880bdb11eba7f7acde48001122,1,0,0,0,0.00008,0,yes,972.4
4b97de880bdb11eba7f7acde48001122,2,0,0,0,0.99977,1,no,964.5
9fddfa120baf11ebab90acde48001122,1,0,0,0,0.03620,0,yes,1025.4
9fddfa120baf11ebab90acde48001122,2,1,0,0,0.18699,0,yes,1035.2
4537bd880bdb11eba7f7acde48001122,1,0,0,0,0.00199,0,yes,1090.7
4537bd880bdb11eba7f7acde48001122,2,0,0,0,0.99999,1,no,1078.2
31f49d6e0bda11eba7f7acde48001122,1,0,0,0,0.00002,0,yes,896.3
31f49d6e0bda11eba7f7acde48001122,2,0,0,0,0.00000,0,yes,896.7
fbc2493e0bda11eba7f7acde48001122,1,0,0,0,0.00000,0,yes,1049.0
fbc2493e0bda11eba7f7acde48001122,2,0,0,0,0.21729,0,yes,1039.4
0fedc4900bdd11eba7f7acde48001122,1,0,0,0,0.03621,0,yes,1049.2
0fedc4900bdd11eba7f7acde48001122,2,0,0,0,0.00012,0,yes,1038.6
8a32b3160bdb11eba7f7acde48001122,1,0,0,0,0.00000,0,yes,989.6
8a32b3160bdb11eba7f7acde48001122,2,0,0,0,0.01017,0,yes,975.6
6eae45440bde11eba7f7acde48001122,1,0,0,0,0.05339,0,yes,1400.3
6eae45440bde11eba7f7acde48001122,2,0,0,0,0.00025,0,yes,1399.2
832be6d20bdb11eba7f7acde48001122,1,0,0,0,0.70573,1,no,1642.4
832be6d20bdb11eba7f7acde48001122,2,0,0,0,0.99980,1,no,1631.8
8802fb560bda11eba7f7acde48001122,1,0,0,0,0.00970,0,yes,1375.8
8802fb560bda11eba7f7acde48001122,2,1,0,0,0.00030,0,yes,1407.6
7c4eddc20bdd11eba7f7acde48001122,1,0,0,0,0.00002,0,yes,1019.9
7c4eddc20bdd11eba7f7acde48001122,2,0,0,0,0.00000,0,yes,1018.6
bb7ef6f00bdb11eba7f7acde48001122,1,0,0,0,0.00000,0,yes,1773.9
bb7ef6f00bdb11eba7f7acde48001122,2,0,0,0,0.06754,0,yes,1795.6
da1e90720bd911eba7f7acde48001122,1,0,0,0,0.00000,0,yes,2151.6
da1e90720bd911eba7f7acde48001122,2,0,0,0,0.00001,0,yes,2146.0
0dd4fcf00bdd11eba7f7acde48001122,1,0,0,0,0.00001,0,yes,2774.2
0dd4fcf00bdd11eba7f7acde48001122,2,0,0,0,0.00000,0,yes,2765.6
0466e0c80bda11eba7f7acde48001122,1,0,0,0,0.00000,0,yes,500.7
0466e0c80bda11eba7f7acde48001122,2,0,0,0,0.99947,1,no,488.1
423111ce0bdc11eba7f7acde48001122,1,0,0,0,0.00000,0,yes,2007.6
423111ce0bdc11eba7f7acde48001122,2,1,0,0,1.00000,1,no,1956.9
66de42d20bda11eba7f7acde48001122,1,0,0,0,0.00000,0,yes,1441.9
66de42d20bda11eba7f7acde48001122,2,0,0,0,0.84583,1,no,1436.8
59595fbe0bdc11eba7f7acde48001122,1,1,0,0,0.00001,0,yes,1181.9
59595fbe0bdc11eba7f7acde48001122,2,1,0,0,1.00000,1,no,1166.9
e26f874e0bda11eba7f7acde48001122,1,0,0,0,0.03732,0,yes,1035.5
e26f874e0bda11eba7f7acde48001122,2,1,0,0,0.99999,1,no,1054.4
f1b92f4e0bd911eba7f7acde48001122,1,0,0,0,0.02675,0,yes,2825.1
f1b92f4e0bd911eba7f7acde48001122,2,1,0,0,0.99682,1,no,2808.9
86ad2fd60baf11ebab90acde48001122,1,1,0,0,0.25065,0,yes,1604.5
86ad2fd60baf11ebab90acde48001122,2,1,0,0,1.00000,1,no,1615.9
060a06ba0bdc11eba7f7acde48001122,1,0,0,0,0.26280,0,yes,1012.8
060a06ba0bdc11eba7f7acde48001122,2,0,0,0,1.00000,1,no,1016.9
6ea073c60baf11ebab90acde48001122,1,0,0,0,0.00669,0,yes,1421.5
6ea073c60baf11ebab90acde48001122,2,1,0,0,0.00001,0,yes,1420.4
43ef20220bdd11eba7f7acde48001122,1,1,0,0,0.00000,0,yes,772.2
43ef20220bdd11eba7f7acde48001122,2,1,0,0,0.00001,0,yes,778.7
edf814cc0bdb11eba7f7acde48001122,1,0,0,0,0.00001,0,yes,2168.9
edf814cc0bdb11eba7f7acde48001122,2,0,0,0,0.01406,0,yes,2198.8
4d87e1d80bdc11eba7f7acde48001122,1,0,0,0,0.00008,0,yes,1099.7
4d87e1d80bdc11eba7f7acde48001122,2,0,0,0,0.00001,0,yes,1098.6
fa66ed9a0bdc11eba7f7acde48001122,1,0,0,0,0.99999,1,no,1842.1
fa66ed9a0bdc11eba7f7acde48001122,2,0,0,0,0.00000,0,yes,1805.5
942d10000bdb11eba7f7acde48001122,1,0,0,0,0.00001,0,yes,2417.9
942d10000bdb11eba7f7acde48001122,2,0,0,0,0.00000,0,yes,2415.7
e3b89b580bdb11eba7f7acde48001122,1,0,0,0,0.00003,0,yes,971.5
e3b89b580bdb11eba7f7acde48001122,2,1,0,0,1.00000,1,no,987.8
01f925340bdb11eba7f7acde48001122,1,0,0,0,0.00000,0,yes,1796.3
01f925340bdb11eba7f7acde48001122,2,0,0,0,0.00000,0,yes,1809.2
f6fdb43c0bdb11eba7f7acde48001122,1,0,0,0,0.00160,0,yes,995.2
f6fdb43c0bdb11eba7f7acde48001122,2,0,0,0,1.00000,1,no,1013.8
1bbee5ac0bdc11eba7f7acde48001122,1,1,0,0,0.99999,1,no,1420.1
1bbee5ac0bdc11eba7f7acde48001122,2,0,0,0,0.99782,1,no,1395.2
d73e58d20bda11eba7f7acde48001122,1,0,0,0,0.00025,0,yes,1456.6
d73e58d20bda11eba7f7acde48001122,2,0,0,0,0.70543,1,no,1443.0
0d3434b20bda11eba7f7acde48001122,1,0,0,0,0.00110,0,yes,1588.4
0d3434b20bda11eba7f7acde48001122,2,1,0,0,0.00050,0,yes,1587.1
a94a3b9c0bdc11eba7f7acde48001122,1,0,0,0,0.15609,0,yes,1083.4
a94a3b9c0bdc11eba7f7acde48001122,2,1,0,0,0.00097,0,yes,1096.1
4f5a55d60bdc11eba7f7acde48001122,1,0,0,0,0.06954,0,yes,1718.0
4f5a55d60bdc11eba7f7acde48001122,2,0,0,0,0.47657,0,yes,1707.2
afd4c0a40bdc11eba7f7acde48001122,1,0,0,0,0.00000,0,yes,1081.5
afd4c0a40bdc11eba7f7acde48001122,2,0,0,0,0.99999,1,no,1074.6
1b4698600bda11eba7f7acde48001122,1,0,0,0,0.00600,0,yes,1007.7
1b4698600bda11eba7f7acde48001122,2,1,0,0,1.00000,1,no,996.7
accc1b8e0bda11eba7f7acde48001122,1,0,0,0,0.99871,1,no,887.5
accc1b8e0bda11eba7f7acde48001122,2,1,0,0,0.04208,0,yes,903.5
406f039a0bb011ebab90acde48001122,1,0,0,0,0.96589,1,no,1606.5
406f039a0bb011ebab90acde48001122,2,0,0,0,1.00000,1,no,1619.0
1e6817940bda11eba7f7acde48001122,1,0,0,0,0.26282,0,yes,1772.8
1e6817940bda11eba7f7acde48001122,2,0,0,0,0.38846,0,yes,1771.6
baf6b6b80bdc11eba7f7acde48001122,1,0,0,0,0.00000,0,yes,1670.5
baf6b6b80bdc11eba7f7acde48001122,2,0,0,0,0.99994,1,no,1647.8
4b81bdaa0bdc11eba7f7acde48001122,1,0,0,0,0.00003,0,yes,1094.7
4b81bdaa0bdc11eba7f7acde48001122,2,1,0,0,1.00000,1,no,1090.2
c1f2184a0bdc11eba7f7acde48001122,1,0,0,0,0.00629,0,yes,880.6
c1f2184a0bdc11eba7f7acde48001122,2,0,0,0,0.04602,0,yes,865.3
9b4b57020bdb11eba7f7acde48001122,1,0,0,0,0.00000,0,yes,1030.1
9b4b57020bdb11eba7f7acde48001122,2,0,0,0,1.00000,1,no,1009.6
ddf062ca0bd911eba7f7acde48001122,1,0,0,0,0.00000,0,yes,764.1
ddf062ca0bd911eba7f7acde48001122,2,0,0,0,0.13294,0,yes,757.7
7760a2a20bdb11eba7f7acde48001122,1,0,0,0,0.00015,0,yes,1052.6
7760a2a20bdb11eba7f7acde48001122,2,0,0,0,0.00000,0,yes,1068.3
fd49d8d80bdc11eba7f7acde48001122,1,0,0,0,0.00000,0,yes,898.6
fd49d8d80bdc11eba7f7acde48001122,2,0,0,0,1.00000,1,no,905.2
e5f7fdbe0bdb11eba7f7acde48001122,1,0,0,0,0.01363,0,yes,1400.9
e5f7fdbe0bdb11eba7f7acde48001122,2,0,0,0,0.44494,0,yes,1389.6
9597b2240bdb11eba7f7acde48001122,1,0,0,0,0.00000,0,yes,1637.0
9597b2240bdb11eba7f7acde48001122,2,0,0,0,1.00000,1,no,1633.4
9a36668c0bda11eba7f7acde48001122,1,1,0,0,0.82187,1,no,686.9
9a36668c0bda11eba7f7acde48001122,2,1,0,0,0.00000,0,yes,682.5
72f499460bd911eba7f7acde48001122,1,0,0,0,0.00012,0,yes,2389.0
72f499460bd911eba7f7acde48001122,2,1,0,0,0.99998,1,no,2401.1
3165074e0bda11eba7f7acde48001122,1,0,0,0,0.00000,0,yes,884.5
3165074e0bda11eba7f7acde48001122,2,0,0,0,0.00001,0,yes,873.2
598acb3c0bda11eba7f7acde48001122,1,0,0,0,1.00000,1,no,1601.9
598acb3c0bda11eba7f7acde48001122,2,0,0,0,0.94330,1,no,1600.0
de97fea40bd911eba7f7acde48001122,1,0,0,0,0.00941,0,yes,2470.4
de97fea40bd911eba7f7acde48001122,2,0,0,0,0.00610,0,yes,2457.4
4ca9e1e40bdc11eba7f7acde48001122,1,0,0,0,0.00000,0,yes,1022.8
4ca9e1e40bdc11eba7f7acde48001122,2,0,0,0,0.00004,0,yes,1021.2
179efae80baf11ebab90acde48001122,1,0,0,0,0.09531,0,yes,1741.4
179efae80baf11ebab90acde48001122,2,1,0,0,0.99999,1,no,1728.5
50b90e880bda11eba7f7acde48001122,1,0,0,0,0.00000,0,yes,1018.0
50b90e880bda11eba7f7acde48001122,2,1,0,0,0.00793,0,yes,1028.4
0b9f10d80bdd11eba7f7acde48001122,1,0,0,0,0.00000,0,yes,2149.2
0b9f10d80bdd11eba7f7acde48001122,2,0,0,0,0.00160,0,yes,2157.9
809ecc860bdb11eba7f7acde48001122,1,0,0,0,0.00000,0,yes,1646.5
809ecc860bdb11eba7f7acde48001122,2,0,0,0,0.00000,0,yes,1635.4
77c3f9b00bdb11eba7f7acde48001122,1,0,0,0,0.00001,0,yes,1031.0
77c3f9b00bdb11eba7f7acde48001122,2,1,0,0,0.19176,0,yes,1040.5
9b871df40bdc11eba7f7acde48001122,1,0,0,0,0.00506,0,yes,759.7
9b871df40bdc11eba7f7acde48001122,2,0,0,0,0.00240,0,yes,715.6
10e417f00bdd11eba7f7acde48001122,1,0,0,0,0.00000,0,yes,953.0
10e417f00bdd11eba7f7acde48001122,2,0,0,0,0.95390,1,no,953.2
3542849c0bdd11eba7f7acde48001122,1,0,0,0,0.09009,0,yes,1966.2
3542849c0bdd11eba7f7acde48001122,2,1,0,0,0.03514,0,yes,1956.7
5ca39b2e0bd911eba7f7acde48001122,1,0,0,0,1.00000,1,no,1466.2
5ca39b2e0bd911eba7f7acde48001122,2,0,0,0,0.00011,0,yes,1473.6
a9b6a3c80bdb11eba7f7acde48001122,1,0,0,0,0.00000,0,yes,967.8
a9b6a3c80bdb11eba7f7acde48001122,2,1,0,0,1.00000,1,no,964.1
f658de580bae11ebab90acde48001122,1,0,0,0,0.99954,1,no,1129.4
f658de580bae11ebab90acde48001122,2,0,0,0,1.00000,1,no,1124.3
0a06e0960bda11eba7f7acde48001122,1,0,0,0,0.14031,0,yes,1115.5
0a06e0960bda11eba7f7acde48001122,2,1,0,0,1.00000,1,no,1114.8
e21004e60bd911eba7f7acde48001122,1,0,0,0,1.00000,1,no,1038.5
e21004e60bd911eba7f7acde48001122,2,1,0,0,1.00000,1,no,1032.6
87851c1e0bd911eba7f7acde48001122,1,1,0,0,0.00758,0,yes,1690.5
87851c1e0bd911eba7f7acde48001122,2,0,0,0,0.00003,0,yes,1708.7
470b1cbc0bdc11eba7f7acde48001122,1,0,0,0,0.00000,0,yes,1004.1
470b1cbc0bdc11eba7f7acde48001122,2,1,0,0,1.00000,1,no,1003.7
327ffc720bdc11eba7f7acde48001122,1,0,0,0,0.99753,1,no,1068.2
327ffc720bdc11eba7f7acde48001122,2,0,0,0,1.00000,1,no,1073.2
5c6755d00baf11ebab90acde48001122,1,0,0,0,1.00000,1,no,1635.9
5c6755d00baf11ebab90acde48001122,2,1,0,0,0.99999,1,no,1664.7
f105d0440bdd11eba7f7acde48001122,1,0,0,0,0.00002,0,yes,1786.8
f105d0440bdd11eba7f7acde48001122,2,1,0,0,1.00000,1,no,1799.1
919635ca0bda11eba7f7acde48001122,1,0,0,0,1.00000,1,no,1109.0
919635ca0bda11eba7f7acde48001122,2,1,0,0,1.00000,1,no,1128.2
01717e900bdb11eba7f7acde48001122,1,0,0,0,1.00000,1,no,1034.6
01717e900bdb11eba7f7acde48001122,2,1,0,0,1.00000,1,no,1026.4
77a255ca0bdc11eba7f7acde48001122,1,0,0,0,0.00002,0,yes,946.5
77a255ca0bdc11eba7f7acde48001122,2,1,0,0,1.00000,1,no,955.6
076c72180bdc11eba7f7acde48001122,1,0,0,0,0.00019,0,yes,677.3
076c72180bdc11eba7f7acde48001122,2,0,0,0,0.00001,0,yes,686.9
4617fe880bdc11eba7f7acde48001122,1,0,0,0,0.00000,0,yes,1037.7
4617fe880bdc11eba7f7acde48001122,2,0,0,0,0.00420,0,yes,1029.8
8348a4800bda11eba7f7acde48001122,1,0,0,0,0.00000,0,yes,1369.0
8348a4800bda11eba7f7acde48001122,2,0,0,0,0.00000,0,yes,1394.4
a2e49f6a0bda11eba7f7acde48001122,1,0,0,0,0.00010,0,yes,974.2
a2e49f6a0bda11eba7f7acde48001122,2,0,0,0,0.00001,0,yes,970.6
cadc48180bdc11eba7f7acde48001122,1,0,0,0,0.00020,0,yes,643.8
cadc48180bdc11eba7f7acde48001122,2,0,0,0,0.00000,0,yes,640.1
b4b3dfda0bda11eba7f7acde48001122,1,0,0,0,0.00000,0,yes,1060.2
b4b3dfda0bda11eba7f7acde48001122,2,0,0,0,1.00000,1,no,1060.7
898343280bda11eba7f7acde48001122,1,0,0,0,0.09008,0,yes,872.9
898343280bda11eba7f7acde48001122,2,0,0,0,0.03731,0,yes,870.4
8fffd3960bdb11eba7f7acde48001122,1,0,0,0,0.99629,1,no,1019.8
8fffd3960bdb11eba7f7acde48001122,2,0,0,0,0.57718,1,no,1011.7
8f3c71540bda11eba7f7acde48001122,1,0,0,0,0.16026,0,yes,1009.4
8f3c71540bda11eba7f7acde48001122,2,0,0,0,0.99995,1,no,1008.5
332712dc0bdc11eba7f7acde48001122,1,0,0,0,0.00181,0,yes,853.3
332712dc0bdc11eba7f7acde48001122,2,0,0,0,0.09131,0,yes,853.1
0b356f4a0bdb11eba7f7acde48001122,1,0,0,0,0.00000,0,yes,2031.4
0b356f4a0bdb11eba7f7acde48001122,2,1,0,0,1.00000,1,no,2023.8
f795fef40bdb11eba7f7acde48001122,1,0,0,0,0.01798,0,yes,1055.5
f795fef40bdb11eba7f7acde48001122,2,0,0,0,0.99992,1,no,1043.0
4207645a0baf11ebab90acde48001122,1,0,0,0,0.00008,0,yes,1741.5
4207645a0baf11ebab90acde48001122,2,1,0,0,0.22800,0,yes,1749.5
4c7907380bda11eba7f7acde48001122,1,0,0,0,0.00002,0,yes,981.0
4c7907380bda11eba7f7acde48001122,2,1,0,0,1.00000,1,no,979.6
65b67e0e0bdc11eba7f7acde48001122,1,1,0,0,0.40725,0,yes,894.2
65b67e0e0bdc11eba7f7acde48001122,2,0,0,0,0.70559,1,no,894.8
2e1fddc20bb011ebab90acde48001122,1,0,0,0,0.02930,0,yes,1767.9
2e1fddc20bb011ebab90acde48001122,2,0,0,0,0.99933,1,no,1773.0
88cc61360bd911eba7f7acde48001122,1,0,0,0,0.94332,1,no,1775.0
88cc61360bd911eba7f7acde48001122,2,1,0,0,1.00000,1,no,1774.3
46e3d5bc0bdc11eba7f7acde48001122,1,0,0,0,0.98027,1,no,1452.7
46e3d5bc0bdc11eba7f7acde48001122,2,0,0,0,0.98457,1,no,1456.3
470cf5e60bdc11eba7f7acde48001122,1,0,0,0,0.00000,0,yes,1091.8
470cf5e60bdc11eba7f7acde48001122,2,0,0,0,0.00025,0,yes,1073.9
1be7b92c0bdd11eba7f7acde48001122,1,0,0,0,0.00030,0,yes,1598.2
1be7b92c0bdd11eba7f7acde48001122,2,0,0,0,0.00015,0,yes,1581.4
6127eb7a0bdc11eba7f7acde48001122,1,0,0,0,0.00000,0,yes,772.1
6127eb7a0bdc11eba7f7acde48001122,2,0,0,0,1.00000,1,no,762.8
8ec17e4e0bdb11eba7f7acde48001122,1,0,0,0,0.00000,0,yes,1059.6
8ec17e4e0bdb11eba7f7acde48001122,2,1,0,0,1.00000,1,no,1059.9
91cb39780bda11eba7f7acde48001122,1,0,0,0,0.00000,0,yes,1571.9
91cb39780bda11eba7f7acde48001122,2,1,0,0,1.00000,1,no,1587.8
54fd3aca0bdd11eba7f7acde48001122,1,0,0,0,0.00000,0,yes,1040.2
54fd3aca0bdd11eba7f7acde48001122,2,1,0,0,0.99994,1,no,1036.7
5435a9300bdb11eba7f7acde48001122,1,0,0,0,0.00002,0,yes,774.1
5435a9300bdb11eba7f7acde48001122,2,0,0,0,1.00000,1,no,755.5
157315640bdd11eba7f7acde48001122,1,0,0,0,0.01406,0,yes,2642.9
157315640bdd11eba7f7acde48001122,2,1,0,0,0.26277,0,yes,2646.8
806c47560bdc11eba7f7acde48001122,1,0,0,0,0.00000,0,yes,970.4
806c47560bdc11eba7f7acde48001122,2,1,0,0,1.00000,1,no,960.0
2053b5d00bdb11eba7f7acde48001122,1,0,0,0,0.34860,0,yes,1125.7
2053b5d00bdb11eba7f7acde48001122,2,0,0,0,1.00000,1,no,1360.8
525ef6ee0bda11eba7f7acde48001122,1,0,0,0,0.99974,1,no,2524.9
525ef6ee0bda11eba7f7acde48001122,2,0,0,0,0.99998,1,no,2516.9
6a58d3980bb011ebab90acde48001122,1,0,0,0,0.00001,0,yes,1650.5
6a58d3980bb011ebab90acde48001122,2,0,0,0,0.99638,1,no,1665.1
0b2687aa0bdb11eba7f7acde48001122,1,0,0,0,0.01640,0,yes,1004.1
0b2687aa0bdb11eba7f7acde48001122,2,0,0,0,0.99999,1,no,1017.0
3db7be540bdc11eba7f7acde48001122,1,0,0,0,0.00028,0,yes,1610.1
3db7be540bdc11eba7f7acde48001122,2,0,0,0,0.99986,1,no,1621.3
8cd19faa0baf11ebab90acde48001122,1,0,0,0,0.96929,1,no,2045.7
8cd19faa0baf11ebab90acde48001122,2,1,0,0,1.00000,1,no,2034.4
146ddbde0bda11eba7f7acde48001122,1,0,0,0,0.00000,0,yes,1393.3
146ddbde0bda11eba7f7acde48001122,2,1,0,0,1.00000,1,no,1402.7
49d667f80bdc11eba7f7acde48001122,1,0,0,0,0.00000,0,yes,2666.5
49d667f80bdc11eba7f7acde48001122,2,1,0,0,0.28770,0,yes,2660.5
1b74c0d00bdc11eba7f7acde48001122,1,0,0,0,1.00000,1,no,1081.7
1b74c0d00bdc11eba7f7acde48001122,2,0,0,0,0.99999,1,no,1079.1
a182c9d60bd911eba7f7acde48001122,1,0,0,0,0.00003,0,yes,883.7
a182c9d60bd911eba7f7acde48001122,2,0,0,0,0.00019,0,yes,880.0
3ea895ac0bd911eba7f7acde48001122,1,0,0,0,0.00000,0,yes,4499.3
3ea895ac0bd911eba7f7acde48001122,2,1,0,0,0.99960,1,no,4441.3
5cb106e80bb011ebab90acde48001122,1,1,0,0,0.99142,1,no,2532.1
5cb106e80bb011ebab90acde48001122,2,1,0,0,0.99539,1,no,2548.3
758c48520bd911eba7f7acde48001122,1,0,0,0,0.00001,0,yes,1691.4
758c48520bd911eba7f7acde48001122,2,0,0,0,0.99975,1,no,1667.3
72902c980bdb11eba7f7acde48001122,1,0,0,0,0.00001,0,yes,1444.2
72902c980bdb11eba7f7acde48001122,2,0,0,0,0.00395,0,yes,1439.2
87a51c320bdc11eba7f7acde48001122,1,0,0,0,0.00000,0,yes,1043.2
87a51c320bdc11eba7f7acde48001122,2,0,0,0,1.00000,1,no,1037.4
795d64460bdb11eba7f7acde48001122,1,0,0,0,0.00012,0,yes,891.9
795d64460bdb11eba7f7acde48001122,2,0,0,0,1.00000,1,no,901.0
43e985a20bda11eba7f7acde48001122,1,0,0,0,0.00000,0,yes,1034.4
43e985a20bda11eba7f7acde48001122,2,0,0,0,0.99813,1,no,1013.0
e3a643080bdc11eba7f7acde48001122,1,0,0,0,0.00629,0,yes,1058.2
e3a643080bdc11eba7f7acde48001122,2,0,0,0,1.00000,1,no,1037.4
43aada960bda11eba7f7acde48001122,1,0,0,0,0.03210,0,yes,653.4
43aada960bda11eba7f7acde48001122,2,0,0,0,0.99390,1,no,645.7
dbdd7e140bd911eba7f7acde48001122,1,0,0,0,0.00000,0,yes,904.9
dbdd7e140bd911eba7f7acde48001122,2,0,0,0,0.35520,0,yes,888.5
9966e4fc0bda11eba7f7acde48001122,1,0,0,0,0.85568,1,no,1112.6
9966e4fc0bda11eba7f7acde48001122,2,0,0,0,0.04883,0,yes,1095.5
d992de3a0baf11ebab90acde48001122,1,0,0,0,0.01406,0,yes,1029.4
d992de3a0baf11ebab90acde48001122,2,1,0,0,0.95893,1,no,1033.1
879b90140bdb11eba7f7acde48001122,1,0,0,0,0.99997,1,no,1044.5
879b90140bdb11eba7f7acde48001122,2,0,0,0,0.99994,1,no,1042.8
e87080560bdc11eba7f7acde48001122,1,0,0,0,0.00057,0,yes,1177.2
e87080560bdc11eba7f7acde48001122,2,0,0,0,0.22812,0,yes,1078.4
3f43d4e60bdd11eba7f7acde48001122,1,0,0,0,0.00000,0,yes,1019.4
3f43d4e60bdd11eba7f7acde48001122,2,0,0,0,0.99997,1,no,1019.0
e741cf200bda11eba7f7acde48001122,1,0,0,0,0.05339,0,yes,1370.4
e741cf200bda11eba7f7acde48001122,2,1,0,0,0.99997,1,no,1373.8
a7582a800bda11eba7f7acde48001122,1,0,0,0,0.99933,1,no,1405.2
a7582a800bda11eba7f7acde48001122,2,0,0,0,0.99999,1,no,1378.3
587b29840bdb11eba7f7acde48001122,1,0,0,0,0.00002,0,yes,1706.8
587b29840bdb11eba7f7acde48001122,2,1,0,0,0.04602,0,yes,1708.4
54ba6aba0bdd11eba7f7acde48001122,1,0,0,0,0.99593,1,no,1056.0
54ba6aba0bdd11eba7f7acde48001122,2,0,0,0,1.00000,1,no,1067.9
58945fb00bdd11eba7f7acde48001122,1,1,0,0,0.99933,1,no,1399.0
58945fb00bdd11eba7f7acde48001122,2,1,0,0,0.98200,1,no,1402.3
afcf85240bd911eba7f7acde48001122,1,0,0,0,0.99265,1,no,1108.9
afcf85240bd911eba7f7acde48001122,2,1,0,0,1.00000,1,no,1099.9
c4e69bc20bda11eba7f7acde48001122,1,0,0,0,0.00000,0,yes,1743.9
c4e69bc20bda11eba7f7acde48001122,2,0,0,0,0.00001,0,yes,1730.6
50d149420bdc11eba7f7acde48001122,1,0,0,0,0.00086,0,yes,769.9
50d149420bdc11eba7f7acde48001122,2,0,0,0,1.00000,1,no,765.8
25cedcac0bda11eba7f7acde48001122,1,0,0,0,1.00000,1,no,1594.5
25cedcac0bda11eba7f7acde48001122,2,0,0,0,0.99998,1,no,1627.1
48eb693a0bda11eba7f7acde48001122,1,1,0,0,0.99994,1,no,1650.6
48eb693a0bda11eba7f7acde48001122,2,0,0,0,0.28761,0,yes,1648.6
43d2b3340baf11ebab90acde48001122,1,0,0,0,0.34843,0,yes,1044.1
43d2b3340baf11ebab90acde48001122,2,0,0,0,1.00000,1,no,1037.2
6c185e380bdd11eba7f7acde48001122,1,0,0,0,1.00000,1,no,1121.1
6c185e380bdd11eba7f7acde48001122,2,0,0,0,0.99999,1,no,1124.1
5cfbec4e0bdd11eba7f7acde48001122,1,0,0,0,0.00160,0,yes,627.9
5cfbec4e0bdd11eba7f7acde48001122,2,1,0,0,0.00000,0,yes,626.3
d2ceb04a0bd911eba7f7acde48001122,1,0,0,0,0.00000,0,yes,1463.3
d2ceb04a0bd911eba7f7acde48001122,2,1,0,0,0.00086,0,yes,1455.7
35cc9e6e0bda11eba7f7acde48001122,1,1,0,0,0.91726,1,no,698.7
35cc9e6e0bda11eba7f7acde48001122,2,0,0,0,0.00011,0,yes,712.8
318ef13a0bda11eba7f7acde48001122,1,0,0,0,0.00000,0,yes,3575.3
318ef13a0bda11eba7f7acde48001122,2,1,0,0,0.00009,0,yes,3624.7
654e7f260bdb11eba7f7acde48001122,1,0,0,0,0.90982,1,no,997.6
654e7f260bdb11eba7f7acde48001122,2,1,0,0,1.00000,1,no,981.2
325ad6360bdc11eba7f7acde48001122,1,0,0,0,0.00001,0,yes,1442.8
325ad6360bdc11eba7f7acde48001122,2,1,0,0,0.99879,1,no,1425.4
c8c4dd4c0baf11ebab90acde48001122,1,0,0,0,0.99990,1,no,2267.6
c8c4dd4c0baf11ebab90acde48001122,2,1,0,0,1.00000,1,no,2257.1
c53e54c40bdb11eba7f7acde48001122,1,0,0,0,0.54667,1,no,1383.3
c53e54c40bdb11eba7f7acde48001122,2,0,0,0,0.00447,0,yes,1379.0
4ceaef440bdd11eba7f7acde48001122,1,0,0,0,0.03410,0,yes,1094.6
4ceaef440bdd11eba7f7acde48001122,2,0,0,0,0.04336,0,yes,1092.4
01efeee00bdd11eba7f7acde48001122,1,0,0,0,0.00000,0,yes,1046.3
01efeee00bdd11eba7f7acde48001122,2,1,0,0,0.99999,1,no,1053.4
9ac70d220bda11eba7f7acde48001122,1,0,0,0,0.00000,0,yes,1721.3
9ac70d220bda11eba7f7acde48001122,2,0,0,0,0.00000,0,yes,1704.2
2e2d8ea20bda11eba7f7acde48001122,1,0,0,0,0.00858,0,yes,993.6
2e2d8ea20bda11eba7f7acde48001122,2,1,0,0,0.00103,0,yes,999.3
3c0c9c820bdc11eba7f7acde48001122,1,0,0,0,0.00000,0,yes,1119.1
3c0c9c820bdc11eba7f7acde48001122,2,0,0,0,0.00028,0,yes,1128.2
363145e20baf11ebab90acde48001122,1,0,0,0,0.09008,0,yes,2513.2
363145e20baf11ebab90acde48001122,2,1,0,0,1.00000,1,no,2504.5
92e8363e0bdb11eba7f7acde48001122,1,0,0,0,0.00000,0,yes,753.0
92e8363e0bdb11eba7f7acde48001122,2,0,0,0,0.00000,0,yes,712.3
6ea9a6d00bdc11eba7f7acde48001122,1,0,0,0,1.00000,1,no,1797.1
6ea9a6d00bdc11eba7f7acde48001122,2,0,0,0,0.99461,1,no,1789.9
3abe0eba0baf11ebab90acde48001122,1,0,0,0,0.99991,1,no,1104.8
3abe0eba0baf11ebab90acde48001122,2,0,0,0,0.99828,1,no,1101.7
018a98760bdb11eba7f7acde48001122,1,0,0,0,0.00000,0,yes,941.8
018a98760bdb11eba7f7acde48001122,2,0,0,0,0.00000,0,yes,896.1
9c7f3bda0bda11eba7f7acde48001122,1,0,0,0,0.39219,0,yes,999.7
9c7f3bda0bda11eba7f7acde48001122,2,0,0,0,0.99043,1,no,1003.8
f61eea4e0bdc11eba7f7acde48001122,1,0,0,0,1.00000,1,no,879.8
f61eea4e0bdc11eba7f7acde48001122,2,0,0,0,0.99990,1,no,882.3
a04986d40bdb11eba7f7acde48001122,1,0,0,0,0.76614,1,no,1381.2
a04986d40bdb11eba7f7acde48001122,2,1,0,0,1.00000,1,no,1391.2
1aede4ac0bdc11eba7f7acde48001122,1,0,0,0,0.04467,0,yes,746.9
1aede4ac0bdc11eba7f7acde48001122,2,0,0,0,0.99996,1,no,715.4
ca32a6420bdb11eba7f7acde48001122,1,0,0,0,0.90177,1,no,1020.8
ca32a6420bdb11eba7f7acde48001122,2,1,0,0,1.00000,1,no,1011.7
ae51afec0bd911eba7f7acde48001122,1,0,0,0,0.00003,0,yes,1467.1
ae51afec0bd911eba7f7acde48001122,2,0,0,0,1.00000,1,no,1466.8
c3861d200bda11eba7f7acde48001122,1,0,0,0,0.00001,0,yes,899.8
c3861d200bda11eba7f7acde48001122,2,0,0,0,1.00000,1,no,897.4
e11eaac60bdc11eba7f7acde48001122,1,0,0,0,0.00002,0,yes,1064.7
e11eaac60bdc11eba7f7acde48001122,2,0,0,0,0.00128,0,yes,1060.8
e8da50cc0bdb11eba7f7acde48001122,1,0,0,0,0.00001,0,yes,2672.7
e8da50cc0bdb11eba7f7acde48001122,2,1,0,0,0.00000,0,yes,2696.5
6b5b30be0bde11eba7f7acde48001122,1,0,0,0,0.00000,0,yes,1739.7
6b5b30be0bde11eba7f7acde48001122,2,1,0,0,0.00298,0,yes,1747.4
2d5bc8680bda11eba7f7acde48001122,1,0,0,0,0.00000,0,yes,990.1
2d5bc8680bda11eba7f7acde48001122,2,0,0,0,1.00000,1,no,988.0
ac6a2c7e0bdc11eba7f7acde48001122,1,0,0,0,0.99998,1,no,2217.3
ac6a2c7e0bdc11eba7f7acde48001122,2,0,0,0,1.00000,1,no,2235.2
51ce876c0bda11eba7f7acde48001122,1,0,0,0,0.00000,0,yes,1725.8
51ce876c0bda11eba7f7acde48001122,2,0,0,0,0.19181,0,yes,1750.8
00b167160bdd11eba7f7acde48001122,1,0,0,0,0.00000,0,yes,1112.3
00b167160bdd11eba7f7acde48001122,2,0,0,0,0.00001,0,yes,1098.8
54bf3ea00bdd11eba7f7acde48001122,1,0,0,0,0.00007,0,yes,680.3
54bf3ea00bdd11eba7f7acde48001122,2,1,0,0,0.00013,0,yes,677.6
cc3a90de0bdc11eba7f7acde48001122,1,0,0,0,0.00001,0,yes,2251.5
cc3a90de0bdc11eba7f7acde48001122,2,1,0,0,0.04083,0,yes,2247.6
3d74c4ca0bda11eba7f7acde48001122,1,0,0,0,0.01322,0,yes,1044.0
3d74c4ca0bda11eba7f7acde48001122,2,0,0,0,0.37748,0,yes,1044.4
00e277bc0bdc11eba7f7acde48001122,1,0,0,0,0.00017,0,yes,1414.8
00e277bc0bdc11eba7f7acde48001122,2,1,0,0,1.00000,1,no,1427.0
663dc33c0baf11ebab90acde48001122,1,0,0,0,0.00063,0,yes,1098.9
663dc33c0baf11ebab90acde48001122,2,1,0,0,0.99990,1,no,1096.0
a70d3cc60bdc11eba7f7acde48001122,1,0,0,0,0.00073,0,yes,1031.8
a70d3cc60bdc11eba7f7acde48001122,2,0,0,0,0.00001,0,yes,1035.0
c8c5a7be0bdb11eba7f7acde48001122,1,1,0,0,0.00004,0,yes,969.6
c8c5a7be0bdb11eba7f7acde48001122,2,0,0,0,0.03730,0,yes,969.8
5750a85e0bdb11eba7f7acde48001122,1,0,0,0,0.00782,0,yes,1026.3
9384c4d60bdb11eba7f7acde48001122,1,0,0,0,1.00000,1,no,1045.1
9384c4d60bdb11eba7f7acde48001122,2,0,0,0,0.00001,0,yes,1037.5
20b3c1fa0bdb11eba7f7acde48001122,1,0,0,0,0.00001,0,yes,968.8
20b3c1fa0bdb11eba7f7acde48001122,2,0,0,0,0.99999,1,no,978.2
f6cb61260bdb11eba7f7acde48001122,1,0,0,0,0.00007,0,yes,997.3
f6cb61260bdb11eba7f7acde48001122,2,0,0,0,0.00008,0,yes,982.4
f7e449a80bd911eba7f7acde48001122,1,0,0,0,0.00073,0,yes,1470.4
f7e449a80bd911eba7f7acde48001122,2,1,0,0,1.00000,1,no,1456.9
c779e7ae0bda11eba7f7acde48001122,1,0,0,0,0.00000,0,yes,1031.1
c779e7ae0bda11eba7f7acde48001122,2,0,0,0,0.01321,0,yes,1032.7
3ca9a5e00bdc11eba7f7acde48001122,1,0,0,0,0.00000,0,yes,1078.4
3ca9a5e00bdc11eba7f7acde48001122,2,1,0,0,1.00000,1,no,1160.7
417aab1a0bdb11eba7f7acde48001122,1,0,0,0,0.00000,0,yes,1011.4
417aab1a0bdb11eba7f7acde48001122,2,0,0,0,0.00000,0,yes,1003.4
755183100bda11eba7f7acde48001122,1,0,0,0,0.00000,0,yes,2685.6
755183100bda11eba7f7acde48001122,2,0,0,0,0.00000,0,yes,2712.6
124888060bdd11eba7f7acde48001122,1,0,0,0,0.99999,1,no,1100.8
124888060bdd11eba7f7acde48001122,2,1,0,0,0.84778,1,no,1106.7
dfd2fbac0bd911eba7f7acde48001122,1,0,0,0,0.00000,0,yes,1047.6
dfd2fbac0bd911eba7f7acde48001122,2,0,0,0,1.00000,1,no,1042.2
4d63eb4a0bda11eba7f7acde48001122,1,0,0,0,0.00000,0,yes,1043.8
4d63eb4a0bda11eba7f7acde48001122,2,0,0,0,0.17322,0,yes,1031.8
bb81bdf40bdb11eba7f7acde48001122,1,0,0,0,0.00000,0,yes,872.0
bb81bdf40bdb11eba7f7acde48001122,2,0,0,0,0.00000,0,yes,877.0
e4cff77e0bdc11eba7f7acde48001122,1,1,0,0,0.99998,1,no,963.6
e4cff77e0bdc11eba7f7acde48001122,2,0,0,0,0.19189,0,yes,965.7
6c04daa40bdb11eba7f7acde48001122,1,0,0,0,0.00002,0,yes,956.6
6c04daa40bdb11eba7f7acde48001122,2,1,0,0,0.00069,0,yes,956.4
c2c997d40bdc11eba7f7acde48001122,1,0,0,0,0.00000,0,yes,938.5
c2c997d40bdc11eba7f7acde48001122,2,1,0,0,1.00000,1,no,943.9
aa70e2160bda11eba7f7acde48001122,1,0,0,0,1.00000,1,no,1025.2
aa70e2160bda11eba7f7acde48001122,2,0,0,0,0.97323,1,no,1025.8
efc3a1100bd911eba7f7acde48001122,1,0,0,0,0.00025,0,yes,2262.0
efc3a1100bd911eba7f7acde48001122,2,0,0,0,0.00001,0,yes,2258.9
6a8de43e0bb011ebab90acde48001122,1,0,0,0,0.14407,0,yes,1055.5
6a8de43e0bb011ebab90acde48001122,2,1,0,0,0.99998,1,no,1035.6
2f984ba40bdc11eba7f7acde48001122,1,0,0,0,0.00000,0,yes,1602.7
2f984ba40bdc11eba7f7acde48001122,2,1,0,0,0.00000,0,yes,1601.3
017cc99e0bdb11eba7f7acde48001122,1,0,0,0,0.00063,0,yes,690.0
017cc99e0bdb11eba7f7acde48001122,2,0,0,0,0.00000,0,yes,690.2
ae59d95e0bdb11eba7f7acde48001122,1,0,0,0,0.00002,0,yes,862.1
ae59d95e0bdb11eba7f7acde48001122,2,0,0,0,0.00002,0,yes,866.5
da3975fe0bd911eba7f7acde48001122,1,0,0,0,0.00000,0,yes,2157.7
da3975fe0bd911eba7f7acde48001122,2,1,0,0,1.00000,1,no,2199.3
186ebbc00bdc11eba7f7acde48001122,1,0,0,0,0.00000,0,yes,1103.5
186ebbc00bdc11eba7f7acde48001122,2,0,0,0,0.76062,1,no,1096.3
47fade520bda11eba7f7acde48001122,1,0,0,0,0.99999,1,no,982.1
47fade520bda11eba7f7acde48001122,2,1,0,0,1.00000,1,no,975.2
047965840bdc11eba7f7acde48001122,1,0,0,0,0.74906,1,no,1050.9
047965840bdc11eba7f7acde48001122,2,1,0,0,1.00000,1,no,1041.1
2c5b600e0bda11eba7f7acde48001122,1,0,0,0,0.00003,0,yes,1093.1
2c5b600e0bda11eba7f7acde48001122,2,0,0,0,0.00132,0,yes,1113.2
eef88b7e0bd911eba7f7acde48001122,1,0,0,0,0.00001,0,yes,997.0
eef88b7e0bd911eba7f7acde48001122,2,1,0,0,1.00000,1,no,989.4
091a4a680bdc11eba7f7acde48001122,1,0,0,0,0.00003,0,yes,1050.7
091a4a680bdc11eba7f7acde48001122,2,0,0,0,0.00008,0,yes,1038.7
17da265e0bdc11eba7f7acde48001122,1,0,0,0,0.00000,0,yes,861.7
17da265e0bdc11eba7f7acde48001122,2,0,0,0,0.47649,0,yes,859.7
8e5ae9780bda11eba7f7acde48001122,1,1,0,0,1.00000,1,no,1000.9
8e5ae9780bda11eba7f7acde48001122,2,1,0,1,0.99988,1,no,996.0
653b90e00bdc11eba7f7acde48001122,1,0,0,0,0.00000,0,yes,1045.0
653b90e00bdc11eba7f7acde48001122,2,0,0,0,0.87053,1,no,1048.8
0917a8020bdd11eba7f7acde48001122,1,0,0,0,0.04208,0,yes,1084.2
0917a8020bdd11eba7f7acde48001122,2,1,0,0,1.00000,1,no,1084.3
3545f4560bdd11eba7f7acde48001122,1,0,0,0,0.00006,0,yes,2549.5
3545f4560bdd11eba7f7acde48001122,2,1,0,0,0.00806,0,yes,2532.1
8bd648da0bdc11eba7f7acde48001122,1,1,0,0,0.53886,1,no,836.6
8bd648da0bdc11eba7f7acde48001122,2,0,0,0,0.00000,0,yes,768.8
91606f540bd911eba7f7acde48001122,1,0,0,0,0.85963,1,no,1569.9
91606f540bd911eba7f7acde48001122,2,0,0,0,0.00000,0,yes,1560.6
e1a661a60bdb11eba7f7acde48001122,1,0,0,0,0.00106,0,yes,644.6
e1a661a60bdb11eba7f7acde48001122,2,0,0,0,0.00025,0,yes,647.3
0dd738b20bdd11eba7f7acde48001122,1,0,0,0,0.00091,0,yes,670.0
0dd738b20bdd11eba7f7acde48001122,2,1,0,0,0.00014,0,yes,685.9
dd2333ae0bd911eba7f7acde48001122,1,0,0,0,0.00000,0,yes,1013.3
dd2333ae0bd911eba7f7acde48001122,2,1,0,0,1.00000,1,no,1006.0
5df58b460bdd11eba7f7acde48001122,1,0,0,0,0.00000,0,yes,1456.9
5df58b460bdd11eba7f7acde48001122,2,0,0,0,0.00758,0,yes,1470.9
924fd2560bd911eba7f7acde48001122,1,0,0,0,0.00359,0,yes,1405.4
924fd2560bd911eba7f7acde48001122,2,1,0,0,1.00000,1,no,1395.0
9c4dcf640bda11eba7f7acde48001122,1,0,0,0,0.86682,1,no,1992.7
9c4dcf640bda11eba7f7acde48001122,2,1,0,0,0.92408,1,no,1985.7
df1962900bda11eba7f7acde48001122,1,0,0,0,0.00155,0,yes,1028.0
df1962900bda11eba7f7acde48001122,2,1,0,0,1.00000,1,no,1033.8
7173036e0bde11eba7f7acde48001122,1,0,0,0,0.00271,0,yes,3817.5
7173036e0bde11eba7f7acde48001122,2,1,0,0,1.00000,1,no,3938.3
404846480baf11ebab90acde48001122,1,1,0,0,0.98086,1,no,2555.8
404846480baf11ebab90acde48001122,2,1,0,0,0.99995,1,no,2490.8
57b83d3c0bdd11eba7f7acde48001122,1,0,0,0,0.00000,0,yes,1582.3
57b83d3c0bdd11eba7f7acde48001122,2,0,0,0,0.99986,1,no,1582.5
00e6fa900bdb11eba7f7acde48001122,1,0,0,0,0.00289,0,yes,770.0
00e6fa900bdb11eba7f7acde48001122,2,0,0,0,0.53094,1,no,763.5
8b5566ba0bdd11eba7f7acde48001122,1,0,0,0,0.00712,0,yes,3406.9
8b5566ba0bdd11eba7f7acde48001122,2,1,0,0,0.06754,0,yes,3526.6
40f7a93c0bda11eba7f7acde48001122,1,0,0,0,0.00000,0,yes,731.1
40f7a93c0bda11eba7f7acde48001122,2,0,0,0,0.01033,0,yes,708.2
80f208320bdc11eba7f7acde48001122,1,0,0,0,0.00012,0,yes,1098.3
80f208320bdc11eba7f7acde48001122,2,1,0,0,0.99980,1,no,1097.2
536e23380bdb11eba7f7acde48001122,1,0,0,0,0.02757,0,yes,1111.7
536e23380bdb11eba7f7acde48001122,2,1,0,0,1.00000,1,no,1105.8
ff4a674a0bd911eba7f7acde48001122,1,1,0,0,0.99752,1,no,1006.5
ff4a674a0bd911eba7f7acde48001122,2,0,0,0,1.00000,1,no,1007.1
2b56bd8c0bdc11eba7f7acde48001122,1,0,0,0,0.99994,1,no,1058.0
2b56bd8c0bdc11eba7f7acde48001122,2,1,0,0,1.00000,1,no,1067.6
b01c55920bda11eba7f7acde48001122,1,0,0,0,0.00005,0,yes,1393.5
b01c55920bda11eba7f7acde48001122,2,0,0,0,0.08998,0,yes,1394.8
05c70d580bda11eba7f7acde48001122,1,0,0,0,0.45288,0,yes,1417.0
05c70d580bda11eba7f7acde48001122,2,0,0,0,0.00004,0,yes,1378.3
473ea6000bdb11eba7f7acde48001122,1,0,0,0,0.00000,0,yes,1601.1
473ea6000bdb11eba7f7acde48001122,2,0,0,0,0.00000,0,yes,1611.6
185a5c660bdc11eba7f7acde48001122,1,0,0,0,0.00001,0,yes,845.1
185a5c660bdc11eba7f7acde48001122,2,1,0,0,0.99988,1,no,853.9
85e096100bdc11eba7f7acde48001122,1,0,0,0,0.00000,0,yes,1370.2
85e096100bdc11eba7f7acde48001122,2,0,0,0,1.00000,1,no,1372.7
1200c1700bdc11eba7f7acde48001122,1,0,0,0,0.00000,0,yes,1044.3
1200c1700bdc11eba7f7acde48001122,2,0,0,0,0.00005,0,yes,1032.2
7ecf4da80bdc11eba7f7acde48001122,1,0,0,0,0.14801,0,yes,1084.3
7ecf4da80bdc11eba7f7acde48001122,2,0,0,0,1.00000,1,no,1080.9
7b3228880bdb11eba7f7acde48001122,1,0,0,0,0.00000,0,yes,2209.2
7b3228880bdb11eba7f7acde48001122,2,1,0,0,1.00000,1,no,2196.9
231d53fc0bdb11eba7f7acde48001122,1,0,0,0,0.10668,0,yes,1709.1
231d53fc0bdb11eba7f7acde48001122,2,1,0,0,0.98676,1,no,1684.9
0977a4760bda11eba7f7acde48001122,1,0,0,0,0.03846,0,yes,982.1
0977a4760bda11eba7f7acde48001122,2,0,0,0,0.46866,0,yes,983.8
cc2f5b3e0bdb11eba7f7acde48001122,1,0,0,0,0.00000,0,yes,2218.7
cc2f5b3e0bdb11eba7f7acde48001122,2,1,0,0,1.00000,1,no,2200.5
4d9df78e0bdc11eba7f7acde48001122,1,0,0,0,0.99997,1,no,1570.2
4d9df78e0bdc11eba7f7acde48001122,2,1,0,0,0.00000,0,yes,1597.9
924a69360bdb11eba7f7acde48001122,1,0,0,0,0.00000,0,yes,1093.4
924a69360bdb11eba7f7acde48001122,2,0,0,0,0.00000,0,yes,1098.0
300c5f300bdc11eba7f7acde48001122,1,1,0,0,0.99859,1,no,1009.7
300c5f300bdc11eba7f7acde48001122,2,0,0,0,0.02033,0,yes,1017.8
d4761a700bdc11eba7f7acde48001122,1,0,0,0,0.00000,0,yes,1023.5
d4761a700bdc11eba7f7acde48001122,2,0,0,0,0.99999,1,no,1031.3
72a9c8ce0bdb11eba7f7acde48001122,1,0,0,0,0.00003,0,yes,1741.0
72a9c8ce0bdb11eba7f7acde48001122,2,1,0,0,0.92404,1,no,1747.6
27585f880bdc11eba7f7acde48001122,1,0,0,0,0.00000,0,yes,1595.2
27585f880bdc11eba7f7acde48001122,2,0,0,0,0.00009,0,yes,1579.6
bf5ebd540bdc11eba7f7acde48001122,1,0,0,0,0.21202,0,yes,1732.2
bf5ebd540bdc11eba7f7acde48001122,2,1,0,0,1.00000,1,no,1744.8
7c0db9c20bd911eba7f7acde48001122,1,0,0,0,0.00000,0,yes,1627.0
7c0db9c20bd911eba7f7acde48001122,2,0,0,0,1.00000,1,no,1615.4
28534d520bdd11eba7f7acde48001122,1,1,0,0,0.00298,0,yes,2394.5
28534d520bdd11eba7f7acde48001122,2,0,0,0,0.12249,0,yes,2394.6
ad29cae80bdc11eba7f7acde48001122,1,0,0,0,0.00012,0,yes,2393.1
ad29cae80bdc11eba7f7acde48001122,2,0,0,0,0.99996,1,no,2394.7
88bf61920bda11eba7f7acde48001122,1,0,0,0,1.00000,1,no,1931.7
88bf61920bda11eba7f7acde48001122,2,1,0,0,0.99662,1,no,1941.8
834f46000bda11eba7f7acde48001122,1,0,0,0,0.00000,0,yes,1621.2
834f46000bda11eba7f7acde48001122,2,0,0,0,0.00000,0,yes,1613.6
277de6a80bdd11eba7f7acde48001122,1,0,0,0,0.17779,0,yes,1581.2
277de6a80bdd11eba7f7acde48001122,2,1,0,0,1.00000,1,no,1608.8
2e4f523e0bdb11eba7f7acde48001122,1,0,0,0,0.55442,1,no,1931.4
2e4f523e0bdb11eba7f7acde48001122,2,0,0,0,0.62237,1,no,1900.8
e3543fb60bd911eba7f7acde48001122,1,0,0,0,0.00000,0,yes,1370.4
e3543fb60bd911eba7f7acde48001122,2,0,0,0,0.59982,1,no,1404.3
5ba8a10a0bda11eba7f7acde48001122,1,0,0,0,0.00001,0,yes,968.0
5ba8a10a0bda11eba7f7acde48001122,2,0,0,0,0.00000,0,yes,961.0
e4941f4c0bdc11eba7f7acde48001122,1,0,0,0,0.00003,0,yes,1076.8
e4941f4c0bdc11eba7f7acde48001122,2,1,0,0,1.00000,1,no,1067.9
a514f04e0bdc11eba7f7acde48001122,1,0,0,0,0.00000,0,yes,1057.8
a514f04e0bdc11eba7f7acde48001122,2,1,0,0,1.00000,1,no,1056.3
0dd9fc440bda11eba7f7acde48001122,1,0,0,0,0.00000,0,yes,1043.7
0dd9fc440bda11eba7f7acde48001122,2,0,0,0,0.00000,0,yes,1039.9
1f5021c40bda11eba7f7acde48001122,1,0,0,0,0.00001,0,yes,907.7
1f5021c40bda11eba7f7acde48001122,2,1,0,0,1.00000,1,no,896.8
0d3172020bdc11eba7f7acde48001122,1,0,0,0,0.41475,0,yes,1371.5
0d3172020bdc11eba7f7acde48001122,2,0,0,0,0.00019,0,yes,1377.3
63fbedee0bda11eba7f7acde48001122,1,0,0,0,0.00063,0,yes,1388.2
63fbedee0bda11eba7f7acde48001122,2,0,0,0,0.00071,0,yes,1380.1
037584780bdd11eba7f7acde48001122,1,0,0,0,0.00003,0,yes,1080.5
037584780bdd11eba7f7acde48001122,2,1,0,0,1.00000,1,no,1084.1
0e8a94ea0bdb11eba7f7acde48001122,1,0,0,0,0.00000,0,yes,1626.7
0e8a94ea0bdb11eba7f7acde48001122,2,1,0,0,0.00012,0,yes,1630.7
f43d9f900bdc11eba7f7acde48001122,1,0,0,0,0.99516,1,no,1007.8
f43d9f900bdc11eba7f7acde48001122,2,0,0,0,0.12589,0,yes,1011.4
02fa9c000bdc11eba7f7acde48001122,1,0,0,0,0.00000,0,yes,1026.8
02fa9c000bdc11eba7f7acde48001122,2,1,0,0,0.99728,1,no,1026.2
0fbf03d40bde11eba7f7acde48001122,1,1,0,0,0.02518,0,yes,1624.3
0fbf03d40bde11eba7f7acde48001122,2,1,0,0,0.99959,1,no,1623.9
887071fc0bdc11eba7f7acde48001122,1,0,0,0,0.99867,1,no,2237.0
887071fc0bdc11eba7f7acde48001122,2,0,0,0,0.27190,0,yes,2222.8
5dff292c0baf11ebab90acde48001122,1,1,0,0,1.00000,1,no,1396.2
5dff292c0baf11ebab90acde48001122,2,0,0,0,0.97768,1,no,1417.6
60781cb20bdd11eba7f7acde48001122,1,0,0,0,0.00000,0,yes,996.1
60781cb20bdd11eba7f7acde48001122,2,0,0,0,1.00000,1,no,985.7
a040b3780bdc11eba7f7acde48001122,1,0,0,0,0.00970,0,yes,707.5
a040b3780bdc11eba7f7acde48001122,2,0,0,0,0.77137,1,no,754.3
48eb447e0bde11eba7f7acde48001122,1,0,0,0,0.01133,0,yes,1697.0
48eb447e0bde11eba7f7acde48001122,2,1,0,0,1.00000,1,no,1703.4
04c3aa2e0bda11eba7f7acde48001122,1,0,0,0,1.00000,1,no,2380.0
04c3aa2e0bda11eba7f7acde48001122,2,1,0,0,0.93245,1,no,2398.2
f9b4eefc0bdb11eba7f7acde48001122,1,0,0,0,0.00000,0,yes,1085.3
f9b4eefc0bdb11eba7f7acde48001122,2,0,0,0,1.00000,1,no,1077.5
3ee995ee0bdd11eba7f7acde48001122,1,0,0,0,0.00000,0,yes,1074.4
3ee995ee0bdd11eba7f7acde48001122,2,1,0,0,0.01169,0,yes,1088.1
a6d3bdbc0bdb11eba7f7acde48001122,1,0,0,0,0.00000,0,yes,1756.8
a6d3bdbc0bdb11eba7f7acde48001122,2,1,0,0,1.00000,1,no,1769.8
6265b9a40bdc11eba7f7acde48001122,1,0,0,0,0.00009,0,yes,1466.4
6265b9a40bdc11eba7f7acde48001122,2,1,0,0,0.00757,0,yes,1460.6
c7c2bb640bda11eba7f7acde48001122,1,0,0,0,0.00000,0,yes,1478.6
c7c2bb640bda11eba7f7acde48001122,2,1,0,0,0.98756,1,no,1491.2
298fddac0bdd11eba7f7acde48001122,1,0,0,0,0.00000,0,yes,1648.0
298fddac0bdd11eba7f7acde48001122,2,0,0,0,0.99991,1,no,1644.7
c2d222920bdb11eba7f7acde48001122,1,1,0,0,0.99859,1,no,1637.7
c2d222920bdb11eba7f7acde48001122,2,0,0,0,0.84374,1,no,1602.6
908909440baf11ebab90acde48001122,1,1,0,0,0.04883,0,yes,3472.7
908909440baf11ebab90acde48001122,2,0,0,0,0.00001,0,yes,3489.1
09e580280bde11eba7f7acde48001122,1,0,0,0,0.00555,0,yes,675.1
09e580280bde11eba7f7acde48001122,2,0,0,0,0.99988,1,no,653.9
3615a92a0bde11eba7f7acde48001122,1,0,0,0,0.00000,0,yes,1083.4
3615a92a0bde11eba7f7acde48001122,2,0,0,0,0.00000,0,yes,1078.9
d48673720bda11eba7f7acde48001122,1,0,0,0,0.32755,0,yes,2142.5
d48673720bda11eba7f7acde48001122,2,1,0,0,0.89620,1,no,2140.2
dff895440baf11ebab90acde48001122,1,0,0,0,0.03020,0,yes,894.0
dff895440baf11ebab90acde48001122,2,0,0,0,0.94811,1,no,876.5
efb4d0fa0bdd11eba7f7acde48001122,1,0,0,0,0.00000,0,yes,987.4
efb4d0fa0bdd11eba7f7acde48001122,2,0,0,0,0.00035,0,yes,970.9
a679eee00bdb11eba7f7acde48001122,1,0,0,0,0.00015,0,yes,6135.1
a679eee00bdb11eba7f7acde48001122,2,0,0,0,0.99994,1,no,6331.8
43ce66920bde11eba7f7acde48001122,1,0,0,0,0.99982,1,no,3272.0
43ce66920bde11eba7f7acde48001122,2,1,0,0,0.00420,0,yes,3261.4
6f8d09ae0bda11eba7f7acde48001122,1,0,0,0,0.79800,1,no,917.8
6f8d09ae0bda11eba7f7acde48001122,2,1,0,0,0.00001,0,yes,890.7
acfeb3cc0bdb11eba7f7acde48001122,1,0,0,0,0.00001,0,yes,963.3
acfeb3cc0bdb11eba7f7acde48001122,2,1,0,0,1.00000,1,no,982.4
5127f8aa0bdc11eba7f7acde48001122,1,1,0,0,1.00000,1,no,4098.4
5127f8aa0bdc11eba7f7acde48001122,2,1,0,1,0.98026,1,no,4057.5
227fb2280bdb11eba7f7acde48001122,1,0,0,0,0.00003,0,yes,1052.6
713e26080bde11eba7f7acde48001122,1,0,0,0,0.00002,0,yes,1013.6
713e26080bde11eba7f7acde48001122,2,0,0,0,0.00003,0,yes,1010.3
8c0100de0baf11ebab90acde48001122,1,0,0,0,0.00001,0,yes,1638.9
8c0100de0baf11ebab90acde48001122,2,0,0,0,0.00009,0,yes,1646.9
69af68b60bd911eba7f7acde48001122,1,0,0,0,0.16447,0,yes,2145.8
69af68b60bd911eba7f7acde48001122,2,1,0,0,1.00000,1,no,1992.7
75d07b420bdb11eba7f7acde48001122,1,1,0,0,0.99994,1,no,1400.5
75d07b420bdb11eba7f7acde48001122,2,0,0,0,1.00000,1,no,1404.3
439f6ba20bda11eba7f7acde48001122,1,0,0,0,0.99977,1,no,984.9
439f6ba20bda11eba7f7acde48001122,2,0,0,0,0.00001,0,yes,986.0
952a931e0bdc11eba7f7acde48001122,1,0,0,0,0.02843,0,yes,1964.7
952a931e0bdc11eba7f7acde48001122,2,1,0,0,1.00000,1,no,1962.8
55647b320baf11ebab90acde48001122,1,0,0,0,0.25672,0,yes,1096.8
55647b320baf11ebab90acde48001122,2,1,0,0,0.99988,1,no,1088.5
9db66f400bdb11eba7f7acde48001122,1,0,0,0,0.00000,0,yes,1362.4
9db66f400bdb11eba7f7acde48001122,2,0,0,0,0.00001,0,yes,1113.8
cda48d280bda11eba7f7acde48001122,1,0,0,0,0.00000,0,yes,1030.0
cda48d280bda11eba7f7acde48001122,2,1,0,0,0.04602,0,yes,1033.0
6a227a320bdd11eba7f7acde48001122,1,0,0,0,0.00000,0,yes,1121.8
6a227a320bdd11eba7f7acde48001122,2,1,0,0,0.71215,1,no,1120.8
5dbdcd2a0bdb11eba7f7acde48001122,1,0,0,0,0.07585,0,yes,1421.2
5dbdcd2a0bdb11eba7f7acde48001122,2,1,0,0,1.00000,1,no,1443.3
c698439e0bda11eba7f7acde48001122,1,0,0,0,0.00000,0,yes,1128.1
c698439e0bda11eba7f7acde48001122,2,0,0,0,1.00000,1,no,1125.4
28af19580baf11ebab90acde48001122,1,0,0,0,0.82190,1,no,1387.6
28af19580baf11ebab90acde48001122,2,1,0,0,1.00000,1,no,1374.1
1fdeb0540bdc11eba7f7acde48001122,1,1,0,0,0.00000,0,yes,3771.8
1fdeb0540bdc11eba7f7acde48001122,2,1,0,0,0.95103,1,no,3820.4
aca98a5e0bdc11eba7f7acde48001122,1,0,0,0,0.00000,0,yes,1045.3
aca98a5e0bdc11eba7f7acde48001122,2,0,0,0,0.99992,1,no,1012.0
725232c20bda11eba7f7acde48001122,1,0,0,0,0.03514,0,yes,1026.2
725232c20bda11eba7f7acde48001122,2,0,0,0,1.00000,1,no,1042.3
86cf9e580bdd11eba7f7acde48001122,1,0,0,0,0.00000,0,yes,1050.9
86cf9e580bdd11eba7f7acde48001122,2,0,0,0,0.99999,1,no,1055.8
da2d2e8e0bd911eba7f7acde48001122,1,0,0,0,0.01363,0,yes,869.9
da2d2e8e0bd911eba7f7acde48001122,2,1,0,0,0.99987,1,no,875.0
996bc8580bdc11eba7f7acde48001122,1,1,0,0,1.00000,1,no,1452.9
996bc8580bdc11eba7f7acde48001122,2,1,0,0,0.99995,1,no,1435.5
2c41347a0bdc11eba7f7acde48001122,1,0,0,0,0.98307,1,no,1085.7
2c41347a0bdc11eba7f7acde48001122,2,1,0,0,0.93988,1,no,1091.3
1d5b8b260bdd11eba7f7acde48001122,1,0,0,0,0.00000,0,yes,680.2
1d5b8b260bdd11eba7f7acde48001122,2,0,0,0,0.86649,1,no,667.6
19b23e020bdd11eba7f7acde48001122,1,0,0,0,0.00000,0,yes,1992.5
19b23e020bdd11eba7f7acde48001122,2,0,0,0,0.00000,0,yes,2019.0
19bd084c0bdc11eba7f7acde48001122,1,0,0,0,0.18241,0,yes,1008.5
19bd084c0bdc11eba7f7acde48001122,2,0,0,0,1.00000,1,no,997.5
70ca13ae0bdd11eba7f7acde48001122,1,0,0,0,0.00002,0,yes,1182.7
70ca13ae0bdd11eba7f7acde48001122,2,1,0,0,0.99728,1,no,1083.0
e52b9de00bdc11eba7f7acde48001122,1,0,0,0,0.99998,1,no,2162.3
e52b9de00bdc11eba7f7acde48001122,2,0,0,0,0.99983,1,no,2166.0
cf7e296e0bdb11eba7f7acde48001122,1,0,0,0,0.00000,0,yes,2424.7
cf7e296e0bdb11eba7f7acde48001122,2,0,0,0,0.00000,0,yes,2429.4
408e2d1c0bdb11eba7f7acde48001122,1,0,0,0,0.99999,1,no,1571.1
408e2d1c0bdb11eba7f7acde48001122,2,0,0,0,0.35575,0,yes,1574.1
664677720bda11eba7f7acde48001122,1,0,0,0,0.00000,0,yes,1558.3
664677720bda11eba7f7acde48001122,2,0,0,0,0.00078,0,yes,1480.0
d126d0bc0bdc11eba7f7acde48001122,1,0,0,0,0.00000,0,yes,3161.3
d126d0bc0bdc11eba7f7acde48001122,2,1,0,0,0.00029,0,yes,3168.1
0af7fd0c0bdd11eba7f7acde48001122,1,0,0,0,0.21191,0,yes,1067.9
0af7fd0c0bdd11eba7f7acde48001122,2,0,0,0,0.99950,1,no,1034.6
1b92f5d40bda11eba7f7acde48001122,1,0,0,0,1.00000,1,no,854.1
1b92f5d40bda11eba7f7acde48001122,2,0,0,0,1.00000,1,no,873.8
8a02c8a80bdc11eba7f7acde48001122,1,0,0,0,0.02033,0,yes,982.1
8a02c8a80bdc11eba7f7acde48001122,2,0,0,0,1.00000,1,no,976.1
52209fc00bda11eba7f7acde48001122,1,0,0,0,0.00004,0,yes,876.9
52209fc00bda11eba7f7acde48001122,2,0,0,0,0.52307,1,no,862.7
f7cb9fc60bdd11eba7f7acde48001122,1,0,0,0,0.00000,0,yes,1001.5
f7cb9fc60bdd11eba7f7acde48001122,2,1,0,0,0.99941,1,no,1001.3
ac16087c0bd911eba7f7acde48001122,1,0,0,0,0.00000,0,yes,2814.4
ac16087c0bd911eba7f7acde48001122,2,1,0,0,0.99945,1,no,2782.1
96a95a8a0bdd11eba7f7acde48001122,1,0,0,0,0.34148,0,yes,2811.7
96a95a8a0bdd11eba7f7acde48001122,2,0,0,0,0.99922,1,no,3071.8
e555052c0bdc11eba7f7acde48001122,1,0,0,0,0.00000,0,yes,1129.7
e555052c0bdc11eba7f7acde48001122,2,1,0,0,0.99370,1,no,1115.1
1a2d589e0bdd11eba7f7acde48001122,1,0,0,0,0.00031,0,yes,1682.2
1a2d589e0bdd11eba7f7acde48001122,2,0,0,0,0.97148,1,no,1704.0
d57886300bda11eba7f7acde48001122,1,0,0,0,0.00000,0,yes,1002.7
d57886300bda11eba7f7acde48001122,2,0,0,0,0.77158,1,no,1000.2
db0591be0bdb11eba7f7acde48001122,1,0,0,0,0.00001,0,yes,1021.4
db0591be0bdb11eba7f7acde48001122,2,0,0,0,0.06947,0,yes,1013.2
058f55c40bdb11eba7f7acde48001122,1,0,0,0,0.00005,0,yes,1083.7
058f55c40bdb11eba7f7acde48001122,2,1,0,0,0.99970,1,no,1104.6
12f1e4760bda11eba7f7acde48001122,1,0,0,0,0.00000,0,yes,2881.1
12f1e4760bda11eba7f7acde48001122,2,0,0,0,0.99989,1,no,2846.4
ed3bfd4a0bdc11eba7f7acde48001122,1,0,0,0,0.00000,0,yes,1382.5
ed3bfd4a0bdc11eba7f7acde48001122,2,0,0,0,0.99974,1,no,1404.6
f02cbb860bda11eba7f7acde48001122,1,0,0,0,0.00001,0,yes,692.5
f02cbb860bda11eba7f7acde48001122,2,0,0,0,1.00000,1,no,678.2
4476e8de0bda11eba7f7acde48001122,1,0,0,0,0.99971,1,no,1577.4
4476e8de0bda11eba7f7acde48001122,2,0,0,0,0.99086,1,no,1563.7
07205b860bdb11eba7f7acde48001122,1,0,0,0,0.00034,0,yes,985.2
07205b860bdb11eba7f7acde48001122,2,0,0,0,0.99744,1,no,992.9
a1a209b60bdb11eba7f7acde48001122,1,0,0,0,0.00000,0,yes,2520.0
a1a209b60bdb11eba7f7acde48001122,2,0,0,0,0.00000,0,yes,2494.0
b39922200bdc11eba7f7acde48001122,1,0,0,0,0.99924,1,no,1405.6
b39922200bdc11eba7f7acde48001122,2,1,0,0,0.79799,1,no,1397.0
9b4c23e60bd911eba7f7acde48001122,1,0,0,0,0.00000,0,yes,1475.6
9b4c23e60bd911eba7f7acde48001122,2,0,0,0,1.00000,1,no,1552.9
888aceb20bdc11eba7f7acde48001122,1,0,0,0,1.00000,1,no,1574.0
888aceb20bdc11eba7f7acde48001122,2,1,0,0,1.00000,1,no,1582.8
474f000c0bb011ebab90acde48001122,1,1,0,0,1.00000,1,no,1780.1
474f000c0bb011ebab90acde48001122,2,1,0,0,1.00000,1,no,1750.0
7134616c0bda11eba7f7acde48001122,1,0,0,0,0.00014,0,yes,1150.0
7134616c0bda11eba7f7acde48001122,2,1,0,0,1.00000,1,no,1164.8
0c2a50ce0bda11eba7f7acde48001122,1,0,0,0,0.00010,0,yes,968.1
0c2a50ce0bda11eba7f7acde48001122,2,0,0,0,0.99998,1,no,949.2
43056fb60bda11eba7f7acde48001122,1,0,0,0,0.00002,0,yes,1122.2
43056fb60bda11eba7f7acde48001122,2,0,0,0,0.90704,1,no,1378.2
87e8dd6a0bdb11eba7f7acde48001122,1,0,0,0,0.00001,0,yes,2691.1
87e8dd6a0bdb11eba7f7acde48001122,2,1,0,0,0.00128,0,yes,2677.5
903cdcc00bd911eba7f7acde48001122,1,0,0,0,0.00000,0,yes,1730.7
903cdcc00bd911eba7f7acde48001122,2,0,0,0,0.00348,0,yes,1750.6
91a0e6ea0bdb11eba7f7acde48001122,1,1,0,0,1.00000,1,no,1004.5
91a0e6ea0bdb11eba7f7acde48001122,2,1,0,0,0.00629,0,yes,1001.9
db0591be0bdb11eba7f7acde48001122_cf,1,1,1,1,0.00004,0,yes,1027.4
fa3b7f980bdc11eba7f7acde48001122_cf,1,1,1,0,0.20685,0,yes,1024.1
fa3b7f980bdc11eba7f7acde48001122_cf,2,1,1,0,0.93431,1,no,1024.3
0af7fd0c0bdd11eba7f7acde48001122_cf,1,1,1,1,0.00000,0,yes,1061.0
0af7fd0c0bdd11eba7f7acde48001122_cf,2,1,1,1,0.00000,0,yes,1058.7
6dec524c0bdc11eba7f7acde48001122_cf,1,1,1,1,0.00017,0,yes,999.3
6dec524c0bdc11eba7f7acde48001122_cf,2,1,1,1,0.00008,0,yes,1009.0
84ee289a0bdb11eba7f7acde48001122_cf,1,1,1,1,0.00002,0,yes,1765.7
b488aab60bdc11eba7f7acde48001122_cf,1,1,1,1,0.00001,0,yes,1005.2
b488aab60bdc11eba7f7acde48001122_cf,2,1,1,1,0.00005,0,yes,994.6
4ceaef440bdd11eba7f7acde48001122_cf,1,1,1,1,0.00019,0,yes,1107.6
4ceaef440bdd11eba7f7acde48001122_cf,2,1,1,1,0.00019,0,yes,1105.3
5435a9300bdb11eba7f7acde48001122_cf,1,1,1,1,0.00011,0,yes,784.5
5435a9300bdb11eba7f7acde48001122_cf,2,1,1,1,0.00011,0,yes,788.1
8348a4800bda11eba7f7acde48001122_cf,1,1,1,0,1.00000,1,no,1391.5
8348a4800bda11eba7f7acde48001122_cf,2,1,1,0,0.00000,0,yes,1416.0
c91fb2000bda11eba7f7acde48001122_cf,1,1,1,1,0.00002,0,yes,1729.0
1c90a25a0bdb11eba7f7acde48001122_cf,1,1,1,1,0.00011,0,yes,973.6
1c90a25a0bdb11eba7f7acde48001122_cf,2,1,1,1,0.00000,0,yes,988.4
debfc8840bda11eba7f7acde48001122_cf,1,1,1,1,0.00145,0,yes,1089.3
debfc8840bda11eba7f7acde48001122_cf,2,0,1,0,0.00348,0,yes,1100.4
63436d340bdd11eba7f7acde48001122_cf,1,1,1,1,0.00002,0,yes,1045.4
63436d340bdd11eba7f7acde48001122_cf,2,1,1,1,0.00002,0,yes,1045.0
13ad86040bda11eba7f7acde48001122_cf,1,1,1,1,0.00002,0,yes,1468.1
